Monitoring Stations,Month,Year,pH (units),Ammonia (mg/L),Nitrate (mg/L),Inorganic Phosphate (mg/L),BOD (mg/l),Dissolved Oxygen (mg/l),Total coliforms (MPN/100ml),Phytoplankton (cells/ml),Wind,Condition,Time,Temperature,Dew Point,Humidity,Wind Speed,Wind Gust,Pressure,Precip.
Stn. I (Central West Bay),January,2013,7.68,0.0464,0.0792,0.0964,1.0,6.8,194.0,5552,1.0,2,650.0,25.875,21.458333333333332,72.5,14.083333333333334,1.7083333333333333,1008.0791666666668,0.0
Stn V (Northern West Bay),January,2013,7.68,0.0824,0.0962,0.1352,1.0,7.0,219.0,4294,1.0,2,650.0,25.875,21.458333333333332,72.5,14.083333333333334,1.7083333333333333,1008.0791666666668,0.0
Stn XV (San Pedro),January,2013,7.82,0.0678,0.0794,0.0758,1.0,7.5,926.0,5733,1.0,2,650.0,25.875,21.458333333333332,72.5,14.083333333333334,1.7083333333333333,1008.0791666666668,0.0
Stn.XVI (Sta Rosa),January,2013,7.82,0.0914,0.2466,0.1208,2.0,7.5,550.0,18190,1.0,2,650.0,25.875,21.458333333333332,72.5,14.083333333333334,1.7083333333333333,1008.0791666666668,0.0
Stn. I (Central West Bay),February,2013,7.78,0.085,0.2462,0.0804,2.0,8.0,112.0,8422,6.0,1,652.1739130434783,27.434782608695652,20.130434782608695,65.43478260869566,13.565217391304348,0.0,1012.8917391304349,0.0
Stn V (Northern West Bay),February,2013,7.68,0.091,0.2654,0.1244,2.0,7.1,222.0,1429,6.0,1,652.1739130434783,27.434782608695652,20.130434782608695,65.43478260869566,13.565217391304348,0.0,1012.8917391304349,0.0
Stn XV (San Pedro),February,2013,7.78,0.0914,0.2466,0.1208,2.0,7.6,770.0,19181,6.0,1,652.1739130434783,27.434782608695652,20.130434782608695,65.43478260869566,13.565217391304348,0.0,1012.8917391304349,0.0
Stn.XVI (Sta Rosa),February,2013,7.78,0.0914,0.2466,0.1208,2.0,7.8,365.0,18300,6.0,1,652.1739130434783,27.434782608695652,20.130434782608695,65.43478260869566,13.565217391304348,0.0,1012.8917391304349,0.0
Stn. I (Central West Bay),March,2013,7.82,0.0678,0.0794,0.0758,1.0,7.5,147.0,20927,6.0,3,650.0,26.25,20.583333333333332,71.54166666666667,8.791666666666666,0.0,1011.99125,0.0
Stn V (Northern West Bay),March,2013,7.82,0.083,0.0864,0.103,1.0,7.4,220.0,21154,6.0,3,650.0,26.25,20.583333333333332,71.54166666666667,8.791666666666666,0.0,1011.99125,0.0
Stn XV (San Pedro),March,2013,7.78,0.0678,0.096,0.0554,1.0,7.6,845.0,9422,6.0,3,650.0,26.25,20.583333333333332,71.54166666666667,8.791666666666666,0.0,1011.99125,0.0
Stn.XVI (Sta Rosa),March,2013,7.78,0.0914,0.2466,0.1208,2.0,7.6,365.0,6128,6.0,3,650.0,26.25,20.583333333333332,71.54166666666667,8.791666666666666,0.0,1011.99125,0.0
Stn. I (Central West Bay),April,2013,7.78,0.085,0.2462,0.0804,2.0,8.1,52.0,6079,6.0,1,650.0,30.375,22.208333333333332,62.041666666666664,12.75,0.0,1009.0762500000001,0.0
Stn V (Northern West Bay),April,2013,7.68,0.091,0.2654,0.1244,2.0,7.0,61.0,9997,6.0,1,650.0,30.375,22.208333333333332,62.041666666666664,12.75,0.0,1009.0762500000001,0.0
Stn XV (San Pedro),April,2013,7.82,0.0914,0.2466,0.1208,2.0,7.5,340.0,29826,6.0,1,650.0,30.375,22.208333333333332,62.041666666666664,12.75,0.0,1009.0762500000001,0.0
Stn.XVI (Sta Rosa),April,2013,7.9,0.085,0.2462,0.0804,2.0,8.2,210.0,13476,6.0,1,650.0,30.375,22.208333333333332,62.041666666666664,12.75,0.0,1009.0762500000001,0.0
Stn. I (Central West Bay),May,2013,7.68,0.0914,0.2466,0.1208,2.0,7.3,46.0,63351,6.0,1,650.0,31.166666666666668,22.208333333333332,59.75,12.416666666666666,0.0,1006.915,0.0
Stn V (Northern West Bay),May,2013,7.68,0.091,0.2654,0.1244,2.0,7.0,254.0,155543,6.0,1,650.0,31.166666666666668,22.208333333333332,59.75,12.416666666666666,0.0,1006.915,0.0
Stn XV (San Pedro),May,2013,7.78,0.0844,0.2924,0.1468,3.0,7.8,150.0,13945,6.0,1,650.0,31.166666666666668,22.208333333333332,59.75,12.416666666666666,0.0,1006.915,0.0
Stn.XVI (Sta Rosa),May,2013,7.78,0.0844,0.2924,0.1468,3.0,7.8,173.0,50398,6.0,1,650.0,31.166666666666668,22.208333333333332,59.75,12.416666666666666,0.0,1006.915,0.0
Stn. I (Central West Bay),June,2013,7.94,0.0742,0.1406,0.0802,2.0,9.6,11.0,23653,17.0,3,650.0,31.416666666666668,25.208333333333332,70.41666666666667,9.583333333333334,0.0,1005.2516666666667,0.0
Stn V (Northern West Bay),June,2013,8.14,0.042,0.1554,0.0762,4.0,11.1,83.0,4832,17.0,3,650.0,31.416666666666668,25.208333333333332,70.41666666666667,9.583333333333334,0.0,1005.2516666666667,0.0
Stn XV (San Pedro),June,2013,7.9,0.0844,0.2924,0.1468,4.0,8.8,112.0,2827,17.0,3,650.0,31.416666666666668,25.208333333333332,70.41666666666667,9.583333333333334,0.0,1005.2516666666667,0.0
Stn.XVI (Sta Rosa),June,2013,8.14,0.0742,0.1406,0.0802,3.0,11.0,40.0,8327,17.0,3,650.0,31.416666666666668,25.208333333333332,70.41666666666667,9.583333333333334,0.0,1005.2516666666667,0.0
Stn. I (Central West Bay),July,2013,7.9,0.0844,0.2924,0.1468,3.0,8.4,13.0,180839,7.0,3,640.6,29.36,24.52,76.12,9.16,2.16,1006.0092,0.0
Stn V (Northern West Bay),July,2013,7.76,0.0832,0.08,0.1382,2.0,6.2,107.0,34779,7.0,3,640.6,29.36,24.52,76.12,9.16,2.16,1006.0092,0.0
Stn XV (San Pedro),July,2013,7.76,0.0834,0.232,0.1618,2.0,6.2,66.0,16574,7.0,3,640.6,29.36,24.52,76.12,9.16,2.16,1006.0092,0.0
Stn.XVI (Sta Rosa),July,2013,7.68,0.0914,0.2466,0.1208,2.0,7.2,29.0,17226,7.0,3,640.6,29.36,24.52,76.12,9.16,2.16,1006.0092,0.0
Stn. I (Central West Bay),August,2013,7.68,0.091,0.2654,0.1244,2.0,7.0,26.0,33640,5.0,2,650.0,29.208333333333332,24.208333333333332,75.16666666666667,13.916666666666666,1.8333333333333333,1005.8766666666667,0.0
Stn V (Northern West Bay),August,2013,7.66,0.0844,0.2924,0.1468,5.0,6.6,74.0,10804,5.0,2,650.0,29.208333333333332,24.208333333333332,75.16666666666667,13.916666666666666,1.8333333333333333,1005.8766666666667,0.0
Stn XV (San Pedro),August,2013,7.68,0.091,0.2654,0.1244,3.0,7.1,46.0,16574,5.0,2,650.0,29.208333333333332,24.208333333333332,75.16666666666667,13.916666666666666,1.8333333333333333,1005.8766666666667,0.0
Stn.XVI (Sta Rosa),August,2013,7.68,0.091,0.2654,0.1244,3.0,7.0,71.0,7226,5.0,2,650.0,29.208333333333332,24.208333333333332,75.16666666666667,13.916666666666666,1.8333333333333333,1005.8766666666667,0.0
Stn. I (Central West Bay),September,2013,7.78,0.0932,0.262,0.0952,2.0,8.0,84.0,48273,17.0,3,650.0,30.166666666666668,23.875,70.5,6.25,0.0,1008.3337500000001,0.0
Stn V (Northern West Bay),September,2013,7.88,0.0792,0.0994,0.1392,2.0,5.5,280.0,6635,17.0,3,650.0,30.166666666666668,23.875,70.5,6.25,0.0,1008.3337500000001,0.0
Stn XV (San Pedro),September,2013,7.66,0.0464,0.0792,0.0964,1.0,6.5,45.0,27126,17.0,3,650.0,30.166666666666668,23.875,70.5,6.25,0.0,1008.3337500000001,0.0
Stn.XVI (Sta Rosa),September,2013,7.78,0.0914,0.2466,0.1208,2.0,7.6,114.0,77778,17.0,3,650.0,30.166666666666668,23.875,70.5,6.25,0.0,1008.3337500000001,0.0
Stn. I (Central West Bay),October,2013,7.9,0.079,0.1006,0.0702,2.0,8.6,186.0,37646,13.0,2,665.24,27.0,25.52,92.0,9.72,0.0,1006.9272,0.0
Stn V (Northern West Bay),October,2013,7.76,0.0882,0.2498,0.1248,4.0,6.2,492.0,98174,13.0,2,665.24,27.0,25.52,92.0,9.72,0.0,1006.9272,0.0
Stn XV (San Pedro),October,2013,7.9,0.0446,0.2816,0.0958,3.0,8.6,77.0,16557,13.0,2,665.24,27.0,25.52,92.0,9.72,0.0,1006.9272,0.0
Stn.XVI (Sta Rosa),October,2013,7.82,0.0914,0.2466,0.1208,3.0,7.5,397.0,31325,13.0,2,665.24,27.0,25.52,92.0,9.72,0.0,1006.9272,0.0
Stn. I (Central West Bay),November,2013,7.78,0.0844,0.2924,0.1468,3.0,8.0,170.0,27324,13.0,2,656.88,27.48,25.52,89.32,5.88,0.0,1009.0004000000001,0.0
Stn V (Northern West Bay),November,2013,7.78,0.0844,0.2924,0.1468,3.0,8.0,259.0,10851,13.0,2,656.88,27.48,25.52,89.32,5.88,0.0,1009.0004000000001,0.0
Stn XV (San Pedro),November,2013,7.68,0.1248,0.6668,0.1252,4.0,7.0,159.0,36118,13.0,2,656.88,27.48,25.52,89.32,5.88,0.0,1009.0004000000001,0.0
Stn.XVI (Sta Rosa),November,2013,7.78,0.085,0.2462,0.0804,2.0,8.0,854.0,86204,13.0,2,656.88,27.48,25.52,89.32,5.88,0.0,1009.0004000000001,0.0
Stn. I (Central West Bay),December,2013,7.82,0.0914,0.2466,0.1208,3.0,7.4,256.0,11880,18.0,2,650.0,26.625,24.208333333333332,87.5,5.083333333333333,0.0,1009.2012500000001,0.0
Stn V (Northern West Bay),December,2013,7.78,0.0844,0.2924,0.1468,4.0,8.0,294.0,6434,18.0,2,650.0,26.625,24.208333333333332,87.5,5.083333333333333,0.0,1009.2012500000001,0.0
Stn XV (San Pedro),December,2013,7.78,0.0844,0.2924,0.1468,4.0,8.0,412.0,19389,18.0,2,650.0,26.625,24.208333333333332,87.5,5.083333333333333,0.0,1009.2012500000001,0.0
Stn.XVI (Sta Rosa),December,2013,7.9,0.0844,0.2924,0.1468,4.0,8.5,554.0,31266,18.0,2,650.0,26.625,24.208333333333332,87.5,5.083333333333333,0.0,1009.2012500000001,0.0
Stn. I (Central West Bay),January,2014,7.78,0.0914,0.2466,0.1208,2.0,7.8,222.0,8223,6.0,1,650.0,26.75,21.625,74.0,12.25,0.0,1010.0333333333334,0.0
Stn V (Northern West Bay),January,2014,7.82,0.0914,0.2466,0.1208,2.0,7.4,168.0,21456,6.0,1,650.0,26.75,21.625,74.0,12.25,0.0,1010.0333333333334,0.0
Stn XV (San Pedro),January,2014,7.66,0.0972,0.2484,0.1366,3.0,6.6,314.0,16328,6.0,1,650.0,26.75,21.625,74.0,12.25,0.0,1010.0333333333334,0.0
Stn.XVI (Sta Rosa),January,2014,7.78,0.0914,0.2466,0.1208,2.0,7.8,383.0,25975,6.0,1,650.0,26.75,21.625,74.0,12.25,0.0,1010.0333333333334,0.0
Stn. I (Central West Bay),February,2014,7.96,0.0742,0.1406,0.0802,1.0,9.7,188.0,26849,13.0,1,650.0,25.333333333333332,22.0,78.58333333333333,9.0,0.0,1007.04,0.0
Stn V (Northern West Bay),February,2014,7.78,0.0742,0.1406,0.0802,2.0,10.1,140.0,17034,13.0,1,650.0,25.333333333333332,22.0,78.58333333333333,9.0,0.0,1007.04,0.0
Stn XV (San Pedro),February,2014,8.06,0.0742,0.1406,0.0802,2.0,10.7,263.0,24382,13.0,1,650.0,25.333333333333332,22.0,78.58333333333333,9.0,0.0,1007.04,0.0
Stn.XVI (Sta Rosa),February,2014,8.2,0.0444,0.1296,0.0722,3.0,9.6,108.0,56189,13.0,1,650.0,25.333333333333332,22.0,78.58333333333333,9.0,0.0,1007.04,0.0
Stn. I (Central West Bay),March,2014,7.78,0.092,0.2368,0.0886,2.0,7.9,183.0,3016,17.0,1,650.0,27.666666666666668,20.625,66.95833333333333,9.791666666666666,0.0,1010.4083333333334,0.0
Stn V (Northern West Bay),March,2014,7.78,0.0844,0.2924,0.1468,4.0,8.0,140.0,4744,17.0,1,650.0,27.666666666666668,20.625,66.95833333333333,9.791666666666666,0.0,1010.4083333333334,0.0
Stn XV (San Pedro),March,2014,7.96,0.0446,0.2816,0.0958,3.0,8.7,263.0,3663,17.0,1,650.0,27.666666666666668,20.625,66.95833333333333,9.791666666666666,0.0,1010.4083333333334,0.0
Stn.XVI (Sta Rosa),March,2014,8.0,0.0742,0.1406,0.0802,2.0,8.9,246.0,4283,17.0,1,650.0,27.666666666666668,20.625,66.95833333333333,9.791666666666666,0.0,1010.4083333333334,0.0
Stn. I (Central West Bay),April,2014,7.78,0.0914,0.2466,0.1208,2.0,7.7,337.0,1895,6.0,1,650.0,29.458333333333332,22.0,65.20833333333333,10.958333333333334,0.0,1007.4254166666666,0.0
Stn V (Northern West Bay),April,2014,8.08,0.085,0.2462,0.0804,2.0,8.3,63.0,3464,6.0,1,650.0,29.458333333333332,22.0,65.20833333333333,10.958333333333334,0.0,1007.4254166666666,0.0
Stn XV (San Pedro),April,2014,7.96,0.0446,0.2816,0.0958,3.0,8.9,344.0,7029,6.0,1,650.0,29.458333333333332,22.0,65.20833333333333,10.958333333333334,0.0,1007.4254166666666,0.0
Stn.XVI (Sta Rosa),April,2014,8.12,0.0446,0.2816,0.0958,3.0,9.1,112.0,30310,6.0,1,650.0,29.458333333333332,22.0,65.20833333333333,10.958333333333334,0.0,1007.4254166666666,0.0
Stn. I (Central West Bay),May,2014,7.78,0.0844,0.2924,0.1468,3.0,7.6,233.0,47291,6.0,1,650.0,31.083333333333332,22.375,60.25,11.5,0.0,1008.7854166666667,0.0
Stn V (Northern West Bay),May,2014,7.78,0.0488,0.2774,0.1674,6.0,10.1,172.0,30476,6.0,1,650.0,31.083333333333332,22.375,60.25,11.5,0.0,1008.7854166666667,0.0
Stn XV (San Pedro),May,2014,7.96,0.0446,0.2816,0.0958,3.0,8.8,198.0,19350,6.0,1,650.0,31.083333333333332,22.375,60.25,11.5,0.0,1008.7854166666667,0.0
Stn.XVI (Sta Rosa),May,2014,7.96,0.042,0.1554,0.0762,3.0,9.7,84.0,29010,6.0,1,650.0,31.083333333333332,22.375,60.25,11.5,0.0,1008.7854166666667,0.0
Stn. I (Central West Bay),June,2014,7.78,0.0446,0.2816,0.0958,4.0,9.8,314.0,43093,17.0,1,650.0,31.75,25.333333333333332,69.0,9.083333333333334,0.0,1004.6683333333334,0.0
Stn V (Northern West Bay),June,2014,8.42,0.0444,0.6204,0.1162,8.0,12.7,107.0,5636,17.0,1,650.0,31.75,25.333333333333332,69.0,9.083333333333334,0.0,1004.6683333333334,0.0
Stn XV (San Pedro),June,2014,7.96,0.0446,0.2816,0.0958,3.0,8.9,33.0,22298,17.0,1,650.0,31.75,25.333333333333332,69.0,9.083333333333334,0.0,1004.6683333333334,0.0
Stn.XVI (Sta Rosa),June,2014,7.9,0.0446,0.2816,0.0958,3.0,9.3,33.0,31069,17.0,1,650.0,31.75,25.333333333333332,69.0,9.083333333333334,0.0,1004.6683333333334,0.0
Stn. I (Central West Bay),July,2014,8.06,0.0704,0.1048,0.1094,3.2,8.22,263.6,1146,12.0,2,650.0,27.666666666666668,25.333333333333332,88.33333333333333,20.25,0.0,1001.7154166666668,0.0
Stn V (Northern West Bay),July,2014,8.06,0.0704,0.1048,0.1094,3.2,8.22,263.6,2594,12.0,2,650.0,27.666666666666668,25.333333333333332,88.33333333333333,20.25,0.0,1001.7154166666668,0.0
Stn XV (San Pedro),July,2014,8.06,0.0704,0.1048,0.1094,3.2,8.22,263.6,3500,12.0,2,650.0,27.666666666666668,25.333333333333332,88.33333333333333,20.25,0.0,1001.7154166666668,0.0
Stn.XVI (Sta Rosa),July,2014,8.06,0.0704,0.1048,0.1094,3.2,8.22,263.6,33539,12.0,2,650.0,27.666666666666668,25.333333333333332,88.33333333333333,20.25,0.0,1001.7154166666668,0.0
Stn. I (Central West Bay),August,2014,8.06,0.0704,0.1048,0.1094,3.2,8.22,263.6,2414,12.0,2,650.0,27.125,25.791666666666668,92.91666666666667,17.291666666666668,1.375,1004.2516666666667,0.0
Stn V (Northern West Bay),August,2014,8.06,0.0704,0.1048,0.1094,3.2,8.22,263.6,3336,12.0,2,650.0,27.125,25.791666666666668,92.91666666666667,17.291666666666668,1.375,1004.2516666666667,0.0
Stn XV (San Pedro),August,2014,8.06,0.0704,0.1048,0.1094,3.2,8.22,263.6,1518,12.0,2,650.0,27.125,25.791666666666668,92.91666666666667,17.291666666666668,1.375,1004.2516666666667,0.0
Stn.XVI (Sta Rosa),August,2014,8.06,0.0704,0.1048,0.1094,3.2,8.22,263.6,2319,12.0,2,650.0,27.125,25.791666666666668,92.91666666666667,17.291666666666668,1.375,1004.2516666666667,0.0
Stn. I (Central West Bay),October,2014,8.1,0.08,0.1548,0.1078,3.4,10.8,185.8,60151,17.0,2,650.0,27.333333333333332,25.541666666666668,90.33333333333333,4.083333333333333,0.0,1003.7516666666667,0.0
Stn V (Northern West Bay),October,2014,7.8,0.0298,0.2196,0.0794,2.8,9.1,153.6,80025,17.0,2,650.0,27.333333333333332,25.541666666666668,90.33333333333333,4.083333333333333,0.0,1003.7516666666667,0.0
Stn XV (San Pedro),October,2014,7.2,0.0654,0.53,0.1024,2.2,7.2,268.6,983,17.0,2,650.0,27.333333333333332,25.541666666666668,90.33333333333333,4.083333333333333,0.0,1003.7516666666667,0.0
Stn.XVI (Sta Rosa),October,2014,7.7,0.085,0.3942,0.0832,2.4,8.1,198.2,41604,17.0,2,650.0,27.333333333333332,25.541666666666668,90.33333333333333,4.083333333333333,0.0,1003.7516666666667,0.0
Stn. I (Central West Bay),November,2014,7.5,0.0654,0.53,0.1024,2.2,7.4,268.6,44376,6.0,2,650.0,26.041666666666668,23.291666666666668,81.375,9.791666666666666,0.0,1010.2416666666668,0.0
Stn V (Northern West Bay),November,2014,8.6,0.0342,0.2136,0.042,2.4,8.1,198.2,1430,6.0,2,650.0,26.041666666666668,23.291666666666668,81.375,9.791666666666666,0.0,1010.2416666666668,0.0
Stn XV (San Pedro),November,2014,7.9,0.1508,0.3484,0.164,2.4,7.0,254.8,23808,6.0,2,650.0,26.041666666666668,23.291666666666668,81.375,9.791666666666666,0.0,1010.2416666666668,0.0
Stn.XVI (Sta Rosa),November,2014,7.9,0.086,0.3218,0.0508,2.2,7.6,268.6,61581,6.0,2,650.0,26.041666666666668,23.291666666666668,81.375,9.791666666666666,0.0,1010.2416666666668,0.0
Stn. I (Central West Bay),December,2014,7.8,0.1422,0.05264,0.1476,2.6,5.8,251.8,957,6.0,2,650.0,27.583333333333332,24.416666666666668,83.75,8.708333333333334,0.0,1007.6216666666668,0.0
Stn V (Northern West Bay),December,2014,8.0,0.1422,0.05264,0.1476,2.6,5.5,251.8,2591,6.0,2,650.0,27.583333333333332,24.416666666666668,83.75,8.708333333333334,0.0,1007.6216666666668,0.0
Stn XV (San Pedro),December,2014,7.9,0.1224,0.0886,0.1538,2.2,6.5,159.0,700,6.0,2,650.0,27.583333333333332,24.416666666666668,83.75,8.708333333333334,0.0,1007.6216666666668,0.0
Stn.XVI (Sta Rosa),December,2014,7.5,0.0688,0.1808,0.0928,2.8,9.5,145.4,40529,6.0,2,650.0,27.583333333333332,24.416666666666668,83.75,8.708333333333334,0.0,1007.6216666666668,0.0
Stn. I (Central West Bay),January,2015,8.5,0.0586,0.1358,0.074,2.8,8.6,860.2,3766,6.0,3,650.0,25.791666666666668,21.125,76.0,8.458333333333334,0.0,1010.2000000000002,0.0
Stn V (Northern West Bay),January,2015,8.5,0.0586,0.1358,0.074,2.8,8.9,928.0,2706,6.0,3,650.0,25.791666666666668,21.125,76.0,8.458333333333334,0.0,1010.2000000000002,0.0
Stn XV (San Pedro),January,2015,8.6,0.1082,0.1604,0.1256,2.6,9.4,498.4,1426,6.0,3,650.0,25.791666666666668,21.125,76.0,8.458333333333334,0.0,1010.2000000000002,0.0
Stn.XVI (Sta Rosa),January,2015,8.5,0.08,0.1548,0.1078,2.8,9.6,467.4,41364,6.0,3,650.0,25.791666666666668,21.125,76.0,8.458333333333334,0.0,1010.2000000000002,0.0
Stn. I (Central West Bay),February,2015,8.5,0.0538,0.2194,0.0536,2.8,8.2,723.8,1423,6.0,3,650.0,25.375,17.458333333333332,62.625,10.166666666666666,0.0,1015.1429166666667,0.0
Stn V (Northern West Bay),February,2015,8.7,0.0524,0.1762,0.06,2.8,8.2,679.6,1473,6.0,3,650.0,25.375,17.458333333333332,62.625,10.166666666666666,0.0,1015.1429166666667,0.0
Stn XV (San Pedro),February,2015,8.5,0.0586,0.1358,0.074,2.8,8.7,860.2,2643,6.0,3,650.0,25.375,17.458333333333332,62.625,10.166666666666666,0.0,1015.1429166666667,0.0
Stn.XVI (Sta Rosa),February,2015,8.5,0.0538,0.2194,0.0536,2.8,8.2,723.8,3608,6.0,3,650.0,25.375,17.458333333333332,62.625,10.166666666666666,0.0,1015.1429166666667,0.0
Stn. I (Central West Bay),March,2015,7.9,0.0654,0.2298,0.0532,2.8,8.5,735.2,14933,6.0,1,650.0,27.208333333333332,18.875,61.25,19.375,0.0,1009.7012500000001,0.0
Stn V (Northern West Bay),March,2015,8.0,0.0746,0.3506,0.06,2.6,7.7,529.0,15320,6.0,1,650.0,27.208333333333332,18.875,61.25,19.375,0.0,1009.7012500000001,0.0
Stn XV (San Pedro),March,2015,8.2,0.041,0.232,0.0492,2.8,8.5,735.2,17675,6.0,1,650.0,27.208333333333332,18.875,61.25,19.375,0.0,1009.7012500000001,0.0
Stn.XVI (Sta Rosa),March,2015,8.2,0.0298,0.1798,0.057,2.8,8.7,959.2,10373,6.0,1,650.0,27.208333333333332,18.875,61.25,19.375,0.0,1009.7012500000001,0.0
Stn. I (Central West Bay),April,2015,7.7,0.085,0.3942,0.0832,2.6,8.1,478.4,54648,6.0,1,650.0,28.208333333333332,19.916666666666668,58.333333333333336,15.208333333333334,1.7916666666666667,1009.0758333333333,0.0
Stn V (Northern West Bay),April,2015,7.8,0.0654,0.53,0.1024,2.2,7.4,443.0,62059,6.0,1,650.0,28.208333333333332,19.916666666666668,58.333333333333336,15.208333333333334,1.7916666666666667,1009.0758333333333,0.0
Stn XV (San Pedro),April,2015,8.0,0.0768,0.2336,0.0536,2.8,8.2,440.0,9409,6.0,1,650.0,28.208333333333332,19.916666666666668,58.333333333333336,15.208333333333334,1.7916666666666667,1009.0758333333333,0.0
Stn.XVI (Sta Rosa),April,2015,8.0,0.1508,0.3484,0.164,2.2,7.1,267.8,28643,6.0,1,650.0,28.208333333333332,19.916666666666668,58.333333333333336,15.208333333333334,1.7916666666666667,1009.0758333333333,0.0
Stn. I (Central West Bay),May,2015,7.4,0.0688,0.1808,0.0928,2.8,9.3,137.4,48245,17.0,3,650.0,30.875,22.458333333333332,62.666666666666664,10.083333333333334,0.0,1006.9562500000001,0.0
Stn V (Northern West Bay),May,2015,7.9,0.0844,0.089,0.1772,4.0,11.5,295.8,15410,17.0,3,650.0,30.875,22.458333333333332,62.666666666666664,10.083333333333334,0.0,1006.9562500000001,0.0
Stn XV (San Pedro),May,2015,7.7,0.0688,0.1808,0.0928,2.8,9.2,785.8,30068,17.0,3,650.0,30.875,22.458333333333332,62.666666666666664,10.083333333333334,0.0,1006.9562500000001,0.0
Stn.XVI (Sta Rosa),May,2015,7.5,0.1126,0.4692,0.1502,2.2,7.1,710.8,14424,17.0,3,650.0,30.875,22.458333333333332,62.666666666666664,10.083333333333334,0.0,1006.9562500000001,0.0
Stn. I (Central West Bay),June,2015,7.4,0.0954,0.1764,0.1094,3.4,9.8,173.2,13033,6.0,1,650.0,31.916666666666668,23.083333333333332,60.083333333333336,11.583333333333334,0.0,1007.7875,0.0
Stn V (Northern West Bay),June,2015,8.3,0.041,0.232,0.0492,2.8,8.2,276.6,21188,6.0,1,650.0,31.916666666666668,23.083333333333332,60.083333333333336,11.583333333333334,0.0,1007.7875,0.0
Stn XV (San Pedro),June,2015,8.6,0.0586,0.1358,0.074,2.8,8.8,928.0,6309,6.0,1,650.0,31.916666666666668,23.083333333333332,60.083333333333336,11.583333333333334,0.0,1007.7875,0.0
Stn.XVI (Sta Rosa),June,2015,7.1,0.0702,0.1842,0.064,2.8,8.8,216.8,13287,6.0,1,650.0,31.916666666666668,23.083333333333332,60.083333333333336,11.583333333333334,0.0,1007.7875,0.0
Stn. I (Central West Bay),July,2015,8.4,0.0862,0.1062,0.0524,2.6,7.6,352.6,349,11.0,5,657.1851851851852,26.40740740740741,26.074074074074073,98.22222222222223,9.074074074074074,2.111111111111111,1001.8807407407409,0.0
Stn V (Northern West Bay),July,2015,8.3,0.0298,0.0882,0.1608,5.8,12.8,296.0,488,11.0,5,657.1851851851852,26.40740740740741,26.074074074074073,98.22222222222223,9.074074074074074,2.111111111111111,1001.8807407407409,0.0
Stn XV (San Pedro),July,2015,8.3,0.06,0.179,0.0676,2.8,8.6,904.4,7592,11.0,5,657.1851851851852,26.40740740740741,26.074074074074073,98.22222222222223,9.074074074074074,2.111111111111111,1001.8807407407409,0.0
Stn.XVI (Sta Rosa),July,2015,8.7,0.0844,0.089,0.1772,3.4,11.0,229.8,52163,11.0,5,657.1851851851852,26.40740740740741,26.074074074074073,98.22222222222223,9.074074074074074,2.111111111111111,1001.8807407407409,0.0
Stn. I (Central West Bay),August,2015,9.3,0.0968,0.0484,0.162,5.2,12.2,284.8,65199,13.0,2,688.7037037037037,28.77777777777778,24.703703703703702,79.5925925925926,11.555555555555555,3.8518518518518516,1005.2840740740742,0.0
Stn V (Northern West Bay),August,2015,9.2,0.05,0.053,0.1158,4.6,18.3,30.4,96840,13.0,2,688.7037037037037,28.77777777777778,24.703703703703702,79.5925925925926,11.555555555555555,3.8518518518518516,1005.2840740740742,0.0
Stn XV (San Pedro),August,2015,8.5,0.0844,0.089,0.1772,4.0,11.6,302.2,18283,13.0,2,688.7037037037037,28.77777777777778,24.703703703703702,79.5925925925926,11.555555555555555,3.8518518518518516,1005.2840740740742,0.0
Stn.XVI (Sta Rosa),August,2015,8.1,0.0974,0.1666,0.114,3.2,9.9,179.6,80398,13.0,2,688.7037037037037,28.77777777777778,24.703703703703702,79.5925925925926,11.555555555555555,3.8518518518518516,1005.2840740740742,0.0
Stn. I (Central West Bay),September,2015,8.5,0.1512,0.10344,0.162,2.6,5.8,438.6,16140,13.0,2,650.0,28.958333333333332,24.458333333333332,77.04166666666667,7.416666666666667,0.0,1008.0783333333334,0.0
Stn V (Northern West Bay),September,2015,7.8,0.0654,0.53,0.1024,2.2,7.3,443.0,246,13.0,2,650.0,28.958333333333332,24.458333333333332,77.04166666666667,7.416666666666667,0.0,1008.0783333333334,0.0
Stn XV (San Pedro),September,2015,8.6,0.08,0.1548,0.1078,2.8,9.6,256.6,4326,13.0,2,650.0,28.958333333333332,24.458333333333332,77.04166666666667,7.416666666666667,0.0,1008.0783333333334,0.0
Stn.XVI (Sta Rosa),September,2015,8.4,0.047,0.2226,0.0456,2.6,8.0,297.4,36690,13.0,2,650.0,28.958333333333332,24.458333333333332,77.04166666666667,7.416666666666667,0.0,1008.0783333333334,0.0
Stn. I (Central West Bay),October,2015,8.4,0.041,0.3934,0.0904,2.0,7.6,218.6,423,17.0,1,668.8,27.92,25.36,86.76,6.12,0.0,1011.04,0.0
Stn V (Northern West Bay),October,2015,7.6,0.1312,0.21984,0.184,4.0,5.3,290.4,3166,17.0,1,668.8,27.92,25.36,86.76,6.12,0.0,1011.04,0.0
Stn XV (San Pedro),October,2015,8.0,0.1508,0.3484,0.164,3.0,7.0,233.8,703,17.0,1,668.8,27.92,25.36,86.76,6.12,0.0,1011.04,0.0
Stn.XVI (Sta Rosa),October,2015,8.7,0.0386,0.1366,0.0738,3.0,8.2,291.2,52647,17.0,1,668.8,27.92,25.36,86.76,6.12,0.0,1011.04,0.0
Stn. I (Central West Bay),November,2015,7.9,0.1484,0.4046,0.2116,2.0,6.8,795.0,2656,5.0,3,650.0,28.75,24.0,77.25,10.458333333333334,0.0,1010.2833333333334,0.0
Stn V (Northern West Bay),November,2015,7.8,0.1578,0.2712,0.2112,2.0,6.5,920.0,9309,5.0,3,650.0,28.75,24.0,77.25,10.458333333333334,0.0,1010.2833333333334,0.0
Stn XV (San Pedro),November,2015,7.8,0.1578,0.2712,0.2112,2.0,6.5,920.0,4279,5.0,3,650.0,28.75,24.0,77.25,10.458333333333334,0.0,1010.2833333333334,0.0
Stn.XVI (Sta Rosa),November,2015,7.8,0.1374,0.3682,0.1566,2.0,7.2,667.0,45563,5.0,3,650.0,28.75,24.0,77.25,10.458333333333334,0.0,1010.2833333333334,0.0
Stn. I (Central West Bay),December,2015,8.4,0.0488,0.3328,0.0772,2.0,8.5,1140.6,5616,6.0,2,650.0,27.708333333333332,23.375,77.66666666666667,8.25,0.0,1010.4083333333334,0.0
Stn V (Northern West Bay),December,2015,8.5,0.0868,0.1638,0.1178,3.0,8.5,251.2,1416,6.0,2,650.0,27.708333333333332,23.375,77.66666666666667,8.25,0.0,1010.4083333333334,0.0
Stn XV (San Pedro),December,2015,8.5,0.0454,0.2492,0.0832,3.0,8.3,251.2,2050,6.0,2,650.0,27.708333333333332,23.375,77.66666666666667,8.25,0.0,1010.4083333333334,0.0
Stn.XVI (Sta Rosa),December,2015,8.2,0.0868,0.1638,0.1178,3.0,8.6,251.2,600,6.0,2,650.0,27.708333333333332,23.375,77.66666666666667,8.25,0.0,1010.4083333333334,0.0
Stn. I (Central West Bay),January,2016,7.3,0.1248,0.257,0.1314,2.0,7.5,2400.0,24491,6.0,1,650.0,28.291666666666668,21.458333333333332,67.125,8.458333333333334,0.0,1011.7408333333334,0.0
Stn V (Northern West Bay),January,2016,8.7,0.0742,0.1406,0.0802,2.0,9.1,540.0,16989,6.0,1,650.0,28.291666666666668,21.458333333333332,67.125,8.458333333333334,0.0,1011.7408333333334,0.0
Stn XV (San Pedro),January,2016,8.3,0.0742,0.1406,0.0802,2.0,8.7,2400.0,5576,6.0,1,650.0,28.291666666666668,21.458333333333332,67.125,8.458333333333334,0.0,1011.7408333333334,0.0
Stn.XVI (Sta Rosa),January,2016,8.8,0.0516,0.2358,0.0698,2.0,8.4,2400.0,5620,6.0,1,650.0,28.291666666666668,21.458333333333332,67.125,8.458333333333334,0.0,1011.7408333333334,0.0
Stn. I (Central West Bay),February,2016,8.4,0.051,0.331,0.057,1.0,8.9,1138.0,3591,6.0,1,650.0,28.291666666666668,21.125,65.91666666666667,10.583333333333334,1.5416666666666667,1011.1945833333334,0.0
Stn V (Northern West Bay),February,2016,8.0,0.018,0.715,0.135,2.0,7.5,360.0,880,6.0,1,650.0,28.291666666666668,21.125,65.91666666666667,10.583333333333334,1.5416666666666667,1011.1945833333334,0.0
Stn XV (San Pedro),February,2016,8.0,0.027,0.538,0.067,1.0,7.8,820.0,3129,6.0,1,650.0,28.291666666666668,21.125,65.91666666666667,10.583333333333334,1.5416666666666667,1011.1945833333334,0.0
Stn.XVI (Sta Rosa),February,2016,8.2,0.008,0.285,0.04,2.0,8.3,639.0,3899,6.0,1,650.0,28.291666666666668,21.125,65.91666666666667,10.583333333333334,1.5416666666666667,1011.1945833333334,0.0
Stn. I (Central West Bay),March,2016,8.0,0.045,0.308,0.021,1.0,7.6,678.0,3997,5.0,2,653.6,27.36,20.72,67.6,9.72,0.0,1012.9155999999999,0.0
Stn V (Northern West Bay),March,2016,8.0,0.133,0.103,0.037,1.0,7.6,357.0,6442,5.0,2,653.6,27.36,20.72,67.6,9.72,0.0,1012.9155999999999,0.0
Stn XV (San Pedro),March,2016,8.1,0.169,0.352,0.03,1.0,7.6,485.0,41716,5.0,2,653.6,27.36,20.72,67.6,9.72,0.0,1012.9155999999999,0.0
Stn.XVI (Sta Rosa),March,2016,8.2,0.027,0.559,0.003,1.0,8.1,271.0,60389,5.0,2,653.6,27.36,20.72,67.6,9.72,0.0,1012.9155999999999,0.0
Stn. I (Central West Bay),April,2016,8.7,0.152,0.065,0.125,1.0,8.6,144.0,2399,6.0,1,650.0,29.708333333333332,20.875,60.0,12.333333333333334,0.0,1010.6166666666668,0.0
Stn V (Northern West Bay),April,2016,8.9,0.083,0.087,0.102,1.0,7.5,125.0,563,6.0,1,650.0,29.708333333333332,20.875,60.0,12.333333333333334,0.0,1010.6166666666668,0.0
Stn XV (San Pedro),April,2016,8.3,0.088,0.128,0.103,2.0,8.6,201.0,64319,6.0,1,650.0,29.708333333333332,20.875,60.0,12.333333333333334,0.0,1010.6166666666668,0.0
Stn.XVI (Sta Rosa),April,2016,8.3,0.081,0.102,0.087,1.0,8.1,165.0,115769,6.0,1,650.0,29.708333333333332,20.875,60.0,12.333333333333334,0.0,1010.6166666666668,0.0
Stn. I (Central West Bay),May,2016,8.3,0.236,0.001,0.147,1.0,6.4,144.0,11314,6.0,3,650.0,32.0,23.5,61.5,12.083333333333334,3.3333333333333335,1009.0766666666667,0.0
Stn V (Northern West Bay),May,2016,8.2,0.349,0.059,0.164,2.0,7.1,102.0,115840,6.0,3,650.0,32.0,23.5,61.5,12.083333333333334,3.3333333333333335,1009.0766666666667,0.0
Stn XV (San Pedro),May,2016,8.2,0.074,0.019,0.069,3.0,6.9,185.0,4578,6.0,3,650.0,32.0,23.5,61.5,12.083333333333334,3.3333333333333335,1009.0766666666667,0.0
Stn.XVI (Sta Rosa),May,2016,8.3,0.054,0.036,0.067,2.0,7.7,107.0,6203,6.0,3,650.0,32.0,23.5,61.5,12.083333333333334,3.3333333333333335,1009.0766666666667,0.0
Stn. I (Central West Bay),June,2016,9.4,0.063,0.065,0.108,8.0,14.4,85.0,344356,18.0,2,650.0,29.5,26.541666666666668,84.95833333333333,11.291666666666666,0.0,1008.2025,0.0
Stn V (Northern West Bay),June,2016,9.0,0.336,0.069,0.19,3.0,9.5,363.0,11845,18.0,2,650.0,29.5,26.541666666666668,84.95833333333333,11.291666666666666,0.0,1008.2025,0.0
Stn XV (San Pedro),June,2016,8.9,0.067,0.77,0.12,3.0,76.0,206.0,26173,18.0,2,650.0,29.5,26.541666666666668,84.95833333333333,11.291666666666666,0.0,1008.2025,0.0
Stn.XVI (Sta Rosa),June,2016,9.0,0.042,0.165,0.087,2.0,7.7,83.0,43254,18.0,2,650.0,29.5,26.541666666666668,84.95833333333333,11.291666666666666,0.0,1008.2025,0.0
Stn. I (Central West Bay),July,2016,8.8,0.025,0.068,0.134,2.0,7.3,185.0,25413,18.0,2,648.0769230769231,27.23076923076923,24.0,81.03846153846153,6.538461538461538,0.0,1006.5553846153847,0.0
Stn V (Northern West Bay),July,2016,8.9,0.067,0.11,0.048,2.0,6.3,793.0,2026,18.0,2,648.0769230769231,27.23076923076923,24.0,81.03846153846153,6.538461538461538,0.0,1006.5553846153847,0.0
Stn XV (San Pedro),July,2016,8.1,0.073,0.001,0.176,2.0,4.0,766.0,4287,18.0,2,648.0769230769231,27.23076923076923,24.0,81.03846153846153,6.538461538461538,0.0,1006.5553846153847,0.0
Stn.XVI (Sta Rosa),July,2016,8.7,0.039,0.001,0.074,2.0,7.5,136.0,13943,18.0,2,648.0769230769231,27.23076923076923,24.0,81.03846153846153,6.538461538461538,0.0,1006.5553846153847,0.0
Stn. I (Central West Bay),August,2016,8.1,0.313,0.0382,0.235,3.0,5.5,126.0,18920,11.0,5,632.6923076923077,26.03846153846154,24.846153846153847,93.42307692307692,14.192307692307692,0.0,1004.1715384615384,0.0
Stn V (Northern West Bay),August,2016,8.5,0.12,0.313,0.306,2.0,6.6,945.0,21919,11.0,5,632.6923076923077,26.03846153846154,24.846153846153847,93.42307692307692,14.192307692307692,0.0,1004.1715384615384,0.0
Stn XV (San Pedro),August,2016,8.9,0.07,0.301,0.008,2.0,65.0,418.0,40474,11.0,5,632.6923076923077,26.03846153846154,24.846153846153847,93.42307692307692,14.192307692307692,0.0,1004.1715384615384,0.0
Stn.XVI (Sta Rosa),August,2016,8.8,0.033,0.001,0.009,7.0,74.0,211.0,19158,11.0,5,632.6923076923077,26.03846153846154,24.846153846153847,93.42307692307692,14.192307692307692,0.0,1004.1715384615384,0.0
Stn. I (Central West Bay),September,2016,7.8,0.076,0.728,0.134,3.0,7.3,335.0,467,13.0,2,670.0,28.52,26.88,91.32,13.28,0.0,1007.7256,0.0
Stn V (Northern West Bay),September,2016,8.0,0.029,1.084,0.145,2.0,7.8,305.0,1163,13.0,2,670.0,28.52,26.88,91.32,13.28,0.0,1007.7256,0.0
Stn XV (San Pedro),September,2016,8.7,0.001,0.069,0.072,3.0,8.7,418.0,4520,13.0,2,670.0,28.52,26.88,91.32,13.28,0.0,1007.7256,0.0
Stn.XVI (Sta Rosa),September,2016,9.0,0.011,0.037,0.036,4.0,10.2,211.0,26911,13.0,2,670.0,28.52,26.88,91.32,13.28,0.0,1007.7256,0.0
Stn. I (Central West Bay),October,2016,7.9,0.055,0.796,0.185,2.0,7.3,654.8,31232,11.0,2,649.28,27.88,26.92,94.8,12.68,0.0,1005.93,0.0
Stn V (Northern West Bay),October,2016,7.8,0.065,0.048,0.133,1.0,6.5,353.2,4861,11.0,2,649.28,27.88,26.92,94.8,12.68,0.0,1005.93,0.0
Stn XV (San Pedro),October,2016,7.6,0.02,0.055,0.074,1.0,5.9,450.4,24983,11.0,2,649.28,27.88,26.92,94.8,12.68,0.0,1005.93,0.0
Stn.XVI (Sta Rosa),October,2016,7.7,0.203,0.091,0.107,1.0,8.2,458.2,1085,11.0,2,649.28,27.88,26.92,94.8,12.68,0.0,1005.93,0.0
Stn. I (Central West Bay),November,2016,8.0,0.065,0.131,0.031,2.0,7.8,268.8,117594,6.0,2,650.0,28.25,22.416666666666668,71.91666666666667,9.583333333333334,0.0,1011.0333333333334,0.0
Stn V (Northern West Bay),November,2016,8.4,0.036,0.039,0.054,1.0,7.5,362.0,610,6.0,2,650.0,28.25,22.416666666666668,71.91666666666667,9.583333333333334,0.0,1011.0333333333334,0.0
Stn XV (San Pedro),November,2016,8.2,0.2,0.14,0.268,2.0,6.8,432.2,32644,6.0,2,650.0,28.25,22.416666666666668,71.91666666666667,9.583333333333334,0.0,1011.0333333333334,0.0
Stn.XVI (Sta Rosa),November,2016,8.0,0.101,0.127,0.066,2.0,7.8,268.8,207649,6.0,2,650.0,28.25,22.416666666666668,71.91666666666667,9.583333333333334,0.0,1011.0333333333334,0.0
Stn. I (Central West Bay),December,2016,7.9,0.077,0.121,0.149,1.0,6.5,521.8,153731,17.0,3,650.0,27.708333333333332,25.291666666666668,87.5,6.458333333333333,0.0,1009.4512500000001,0.0
Stn V (Northern West Bay),December,2016,8.3,0.034,0.133,0.072,1.0,6.8,357.8,50101,17.0,3,650.0,27.708333333333332,25.291666666666668,87.5,6.458333333333333,0.0,1009.4512500000001,0.0
Stn XV (San Pedro),December,2016,8.5,0.001,0.268,0.184,3.0,9.6,337.0,61731,17.0,3,650.0,27.708333333333332,25.291666666666668,87.5,6.458333333333333,0.0,1009.4512500000001,0.0
Stn.XVI (Sta Rosa),December,2016,8.3,0.001,0.086,0.013,1.0,8.5,507.6,186136,17.0,3,650.0,27.708333333333332,25.291666666666668,87.5,6.458333333333333,0.0,1009.4512500000001,0.0
Stn. I (Central West Bay),January,2017,8.4,0.001,0.223,0.238,1.0,7.9,60.0,9813,17.0,2,650.0,26.791666666666668,20.875,71.375,7.916666666666667,0.0,1007.4141666666668,0.0
Stn V (Northern West Bay),January,2017,8.1,0.074,2.831,0.372,1.0,8.5,272.0,1468,17.0,2,650.0,26.791666666666668,20.875,71.375,7.916666666666667,0.0,1007.4141666666668,0.0
Stn XV (San Pedro),January,2017,8.4,0.001,2.136,0.265,1.0,8.2,96.0,2870,17.0,2,650.0,26.791666666666668,20.875,71.375,7.916666666666667,0.0,1007.4141666666668,0.0
Stn.XVI (Sta Rosa),January,2017,8.6,0.001,2.54,0.233,3.0,9.6,102.0,3326,17.0,2,650.0,26.791666666666668,20.875,71.375,7.916666666666667,0.0,1007.4141666666668,0.0
Stn. I (Central West Bay),February,2017,8.0,1.16,0.405,0.089,1.0,7.6,163.0,1010,17.0,2,633.72,26.36,20.76,72.24,8.28,0.0,1006.5672,0.0
Stn V (Northern West Bay),February,2017,8.4,0.046,3.012,0.163,0.5,9.0,214.0,1589,17.0,2,633.72,26.36,20.76,72.24,8.28,0.0,1006.5672,0.0
Stn XV (San Pedro),February,2017,7.8,0.034,2.14,0.11,2.0,8.8,80.0,36676,17.0,2,633.72,26.36,20.76,72.24,8.28,0.0,1006.5672,0.0
Stn.XVI (Sta Rosa),February,2017,7.9,0.003,0.005,0.105,1.0,7.7,90.0,16228,17.0,2,633.72,26.36,20.76,72.24,8.28,0.0,1006.5672,0.0
Stn. I (Central West Bay),March,2017,7.9,0.009,0.287,0.173,2.0,8.9,512.0,26791,17.0,1,650.0,27.791666666666668,21.125,69.08333333333333,9.708333333333334,0.0,1008.3695833333335,0.0
Stn V (Northern West Bay),March,2017,7.9,0.344,3.012,0.096,1.0,8.0,214.0,506,17.0,1,650.0,27.791666666666668,21.125,69.08333333333333,9.708333333333334,0.0,1008.3695833333335,0.0
Stn XV (San Pedro),March,2017,8.5,0.203,2.14,0.076,2.0,8.1,159.0,36036,17.0,1,650.0,27.791666666666668,21.125,69.08333333333333,9.708333333333334,0.0,1008.3695833333335,0.0
Stn.XVI (Sta Rosa),March,2017,8.5,0.21,0.005,0.092,1.0,8.5,159.0,47305,17.0,1,650.0,27.791666666666668,21.125,69.08333333333333,9.708333333333334,0.0,1008.3695833333335,0.0
Stn. I (Central West Bay),April,2017,7.7,0.011,0.415,0.251,3.0,7.3,973.0,3106,5.0,3,650.0,27.791666666666668,18.75,58.375,16.125,1.8333333333333333,1012.9466666666667,0.0
Stn V (Northern West Bay),April,2017,7.8,0.048,0.301,0.23,3.0,8.6,240.0,88325,5.0,3,650.0,27.791666666666668,18.75,58.375,16.125,1.8333333333333333,1012.9466666666667,0.0
Stn XV (San Pedro),April,2017,7.9,0.048,0.001,0.118,3.0,8.2,192.0,20728,5.0,3,650.0,27.791666666666668,18.75,58.375,16.125,1.8333333333333333,1012.9466666666667,0.0
Stn.XVI (Sta Rosa),April,2017,7.9,0.02,0.094,0.144,2.0,9.6,272.0,92855,5.0,3,650.0,27.791666666666668,18.75,58.375,16.125,1.8333333333333333,1012.9466666666667,0.0
Stn. I (Central West Bay),May,2017,8.0,0.143,0.001,0.357,2.0,8.7,586.0,13930,6.0,1,650.0,31.083333333333332,22.666666666666668,61.458333333333336,12.083333333333334,0.0,1008.5779166666667,0.0
Stn V (Northern West Bay),May,2017,8.8,0.044,0.062,0.233,2.0,7.5,347.0,102077,6.0,1,650.0,31.083333333333332,22.666666666666668,61.458333333333336,12.083333333333334,0.0,1008.5779166666667,0.0
Stn XV (San Pedro),May,2017,8.0,0.07,0.127,0.121,2.0,8.8,422.0,11383,6.0,1,650.0,31.083333333333332,22.666666666666668,61.458333333333336,12.083333333333334,0.0,1008.5779166666667,0.0
Stn.XVI (Sta Rosa),May,2017,7.9,0.001,0.002,0.066,2.0,8.4,186.0,14132,6.0,1,650.0,31.083333333333332,22.666666666666668,61.458333333333336,12.083333333333334,0.0,1008.5779166666667,0.0
Stn. I (Central West Bay),June,2017,8.4,0.25,0.001,0.286,4.0,8.1,296.0,35392,17.0,2,650.0,28.291666666666668,25.291666666666668,80.29166666666667,9.583333333333334,0.0,1007.1229166666667,0.0
Stn V (Northern West Bay),June,2017,7.8,0.032,0.04,0.181,3.0,8.9,196.0,10344,17.0,2,650.0,28.291666666666668,25.291666666666668,80.29166666666667,9.583333333333334,0.0,1007.1229166666667,0.0
Stn XV (San Pedro),June,2017,8.2,0.02,0.011,0.068,3.0,9.2,497.0,12673,17.0,2,650.0,28.291666666666668,25.291666666666668,80.29166666666667,9.583333333333334,0.0,1007.1229166666667,0.0
Stn.XVI (Sta Rosa),June,2017,7.8,0.001,0.001,0.096,2.0,8.5,258.0,17210,17.0,2,650.0,28.291666666666668,25.291666666666668,80.29166666666667,9.583333333333334,0.0,1007.1229166666667,0.0
Stn. I (Central West Bay),July,2017,8.2,0.058,0.091,0.205,2.0,8.7,163.0,18021,17.0,2,653.2,27.6,26.12,92.72,5.64,0.0,1007.166,0.0
Stn V (Northern West Bay),July,2017,7.7,0.054,0.031,0.37,4.0,11.6,758.0,73214,17.0,2,653.2,27.6,26.12,92.72,5.64,0.0,1007.166,0.0
Stn XV (San Pedro),July,2017,8.1,0.056,0.04,0.129,4.0,9.1,482.0,20097,17.0,2,653.2,27.6,26.12,92.72,5.64,0.0,1007.166,0.0
Stn.XVI (Sta Rosa),July,2017,8.3,0.043,0.005,0.071,3.0,7.9,211.0,14095,17.0,2,653.2,27.6,26.12,92.72,5.64,0.0,1007.166,0.0
Stn. I (Central West Bay),August,2017,8.6,0.099,0.031,0.149,2.0,8.4,163.0,2884,12.0,3,650.0,29.166666666666668,27.25,89.83333333333333,12.291666666666666,0.0,1007.53875,0.0
Stn V (Northern West Bay),August,2017,9.0,0.084,0.015,0.279,4.0,8.3,406.0,15769,12.0,3,650.0,29.166666666666668,27.25,89.83333333333333,12.291666666666666,0.0,1007.53875,0.0
Stn XV (San Pedro),August,2017,7.8,0.073,0.021,0.156,5.0,9.8,354.0,3522,12.0,3,650.0,29.166666666666668,27.25,89.83333333333333,12.291666666666666,0.0,1007.53875,0.0
Stn.XVI (Sta Rosa),August,2017,8.2,0.054,0.013,0.106,2.0,7.8,196.0,1988,12.0,3,650.0,29.166666666666668,27.25,89.83333333333333,12.291666666666666,0.0,1007.53875,0.0
Stn. I (Central West Bay),September,2017,8.2,0.09,0.07,0.276,2.0,7.5,291.0,53924,13.0,4,653.8,28.88,27.24,91.6,9.48,0.0,1007.4456,0.0
Stn V (Northern West Bay),September,2017,8.4,0.016,0.032,0.229,2.0,9.2,317.0,4906,13.0,4,653.8,28.88,27.24,91.6,9.48,0.0,1007.4456,0.0
Stn XV (San Pedro),September,2017,8.0,0.02,0.04,0.106,7.0,10.8,267.0,430002,13.0,4,653.8,28.88,27.24,91.6,9.48,0.0,1007.4456,0.0
Stn.XVI (Sta Rosa),September,2017,8.1,0.053,0.03,0.101,2.0,7.7,230.0,380718,13.0,4,653.8,28.88,27.24,91.6,9.48,0.0,1007.4456,0.0
Stn. I (Central West Bay),October,2017,8.2,0.051,0.046,0.362,2.0,6.6,196.0,57616,17.0,2,629.2,28.32,27.48,95.36,4.52,1.24,1007.7652,0.0
Stn V (Northern West Bay),October,2017,8.7,0.022,0.065,0.371,3.0,6.5,174.0,7763,17.0,2,629.2,28.32,27.48,95.36,4.52,1.24,1007.7652,0.0
Stn XV (San Pedro),October,2017,7.7,0.064,0.101,0.2,3.0,7.5,264.0,17482,17.0,2,629.2,28.32,27.48,95.36,4.52,1.24,1007.7652,0.0
Stn.XVI (Sta Rosa),October,2017,8.4,0.02,0.007,0.182,2.0,6.5,240.0,14910,17.0,2,629.2,28.32,27.48,95.36,4.52,1.24,1007.7652,0.0
Stn. I (Central West Bay),November,2017,7.8,0.031,0.064,0.263,3.0,8.6,196.0,336456,5.0,3,665.0,29.0,25.88,84.44,10.76,0.0,1007.6052000000001,0.0
Stn V (Northern West Bay),November,2017,8.6,0.054,0.034,0.332,2.0,6.8,174.0,609,5.0,3,665.0,29.0,25.88,84.44,10.76,0.0,1007.6052000000001,0.0
Stn XV (San Pedro),November,2017,8.1,0.058,0.054,0.165,4.0,8.3,264.0,59853,5.0,3,665.0,29.0,25.88,84.44,10.76,0.0,1007.6052000000001,0.0
Stn.XVI (Sta Rosa),November,2017,8.1,0.033,0.003,0.182,2.0,7.3,240.0,28071,5.0,3,665.0,29.0,25.88,84.44,10.76,0.0,1007.6052000000001,0.0
Stn. I (Central West Bay),December,2017,7.8,0.022,0.046,0.263,2.0,6.5,196.0,33098,17.0,1,634.1666666666666,28.75,25.25,82.08333333333333,7.375,0.0,1007.74625,0.0
Stn V (Northern West Bay),December,2017,8.0,0.022,0.015,0.24,2.0,6.7,174.0,5090,17.0,1,634.1666666666666,28.75,25.25,82.08333333333333,7.375,0.0,1007.74625,0.0
Stn XV (San Pedro),December,2017,7.8,0.04,0.051,0.143,2.0,7.5,264.0,1316,17.0,1,634.1666666666666,28.75,25.25,82.08333333333333,7.375,0.0,1007.74625,0.0
Stn.XVI (Sta Rosa),December,2017,8.4,0.018,0.009,0.185,2.0,7.0,240.0,8495,17.0,1,634.1666666666666,28.75,25.25,82.08333333333333,7.375,0.0,1007.74625,0.0
Stn. I (Central West Bay),January,2018,7.7,0.221,0.661,0.135,0.5,7.8,8.0,2630,3.0,1,650.0,28.291666666666668,25.208333333333332,84.66666666666667,6.041666666666667,0.0,1010.2000000000002,0.0
Stn V (Northern West Bay),January,2018,8.1,0.041,0.131,0.287,1.5,7.1,29.0,1841,3.0,1,650.0,28.291666666666668,25.208333333333332,84.66666666666667,6.041666666666667,0.0,1010.2000000000002,0.0
Stn XV (San Pedro),January,2018,8.3,0.018,0.417,0.211,1.1,8.1,14.0,1118,3.0,1,650.0,28.291666666666668,25.208333333333332,84.66666666666667,6.041666666666667,0.0,1010.2000000000002,0.0
Stn.XVI (Sta Rosa),January,2018,8.3,0.012,0.376,0.155,1.1,8.2,22.0,3827,3.0,1,650.0,28.291666666666668,25.208333333333332,84.66666666666667,6.041666666666667,0.0,1010.2000000000002,0.0
Stn. I (Central West Bay),February,2018,8.2,0.019,0.466,0.213,1.0,8.3,5.0,320,1.0,2,650.0,25.125,21.083333333333332,75.25,14.791666666666666,1.7916666666666667,1010.82,0.0
Stn V (Northern West Bay),February,2018,8.7,0.043,0.188,0.21,2.0,7.1,19.0,336,1.0,2,650.0,25.125,21.083333333333332,75.25,14.791666666666666,1.7916666666666667,1010.82,0.0
Stn XV (San Pedro),February,2018,8.7,0.007,0.242,0.21,2.0,8.2,14.0,306,1.0,2,650.0,25.125,21.083333333333332,75.25,14.791666666666666,1.7916666666666667,1010.82,0.0
Stn.XVI (Sta Rosa),February,2018,8.7,0.001,0.356,0.178,1.1,8.0,22.0,833,1.0,2,650.0,25.125,21.083333333333332,75.25,14.791666666666666,1.7916666666666667,1010.82,0.0
Stn. I (Central West Bay),March,2018,8.3,0.015,0.268,0.187,1.0,8.6,5.0,930,6.0,1,650.0,28.166666666666668,21.291666666666668,63.958333333333336,16.458333333333332,0.0,1008.1320833333334,0.0
Stn V (Northern West Bay),March,2018,8.8,0.014,0.176,0.215,2.0,8.7,17.0,2071,6.0,1,650.0,28.166666666666668,21.291666666666668,63.958333333333336,16.458333333333332,0.0,1008.1320833333334,0.0
Stn XV (San Pedro),March,2018,8.7,0.007,0.138,0.193,2.0,8.8,7.0,1183,6.0,1,650.0,28.166666666666668,21.291666666666668,63.958333333333336,16.458333333333332,0.0,1008.1320833333334,0.0
Stn.XVI (Sta Rosa),March,2018,8.7,0.003,0.133,0.162,1.1,8.1,14.0,616,6.0,1,650.0,28.166666666666668,21.291666666666668,63.958333333333336,16.458333333333332,0.0,1008.1320833333334,0.0
Stn. I (Central West Bay),April,2018,7.9,0.022,0.138,0.145,2.0,7.8,2.5,8767,6.0,3,650.0,28.541666666666668,22.166666666666668,69.125,9.75,0.0,1008.1612500000001,0.0
Stn V (Northern West Bay),April,2018,8.1,0.02,0.08,0.186,5.0,8.4,17.3,4639,6.0,3,650.0,28.541666666666668,22.166666666666668,69.125,9.75,0.0,1008.1612500000001,0.0
Stn XV (San Pedro),April,2018,8.6,0.025,0.05,0.118,2.0,8.2,4.4,1953,6.0,3,650.0,28.541666666666668,22.166666666666668,69.125,9.75,0.0,1008.1612500000001,0.0
Stn.XVI (Sta Rosa),April,2018,8.3,0.011,0.05,0.113,2.0,8.2,4.4,6881,6.0,3,650.0,28.541666666666668,22.166666666666668,69.125,9.75,0.0,1008.1612500000001,0.0
Stn. I (Central West Bay),May,2018,8.5,0.031,0.05,0.27,2.0,8.5,2.5,4074,7.0,1,650.0,31.0,23.958333333333332,67.5,10.583333333333334,0.0,1008.2041666666668,0.0
Stn V (Northern West Bay),May,2018,8.7,0.029,0.05,0.13,4.0,8.2,7.7,13756,7.0,1,650.0,31.0,23.958333333333332,67.5,10.583333333333334,0.0,1008.2041666666668,0.0
Stn XV (San Pedro),May,2018,8.7,0.041,0.05,0.11,2.0,8.2,5.6,4264,7.0,1,650.0,31.0,23.958333333333332,67.5,10.583333333333334,0.0,1008.2041666666668,0.0
Stn.XVI (Sta Rosa),May,2018,8.1,0.041,0.011,0.125,2.0,8.3,4.4,73017,7.0,1,650.0,31.0,23.958333333333332,67.5,10.583333333333334,0.0,1008.2041666666668,0.0
Stn. I (Central West Bay),June,2018,8.6,0.042,0.05,0.27,7.0,7.8,4.5,3292,11.0,3,650.0,31.291666666666668,23.791666666666668,65.54166666666667,11.125,0.0,1006.3758333333334,0.0
Stn V (Northern West Bay),June,2018,8.8,0.028,0.05,0.13,3.0,8.42,25.8,52914,11.0,3,650.0,31.291666666666668,23.791666666666668,65.54166666666667,11.125,0.0,1006.3758333333334,0.0
Stn XV (San Pedro),June,2018,9.7,0.04,0.05,0.143,3.0,8.02,5.6,3532,11.0,3,650.0,31.291666666666668,23.791666666666668,65.54166666666667,11.125,0.0,1006.3758333333334,0.0
Stn.XVI (Sta Rosa),June,2018,9.1,0.008,0.05,0.096,2.0,8.04,5.6,15137,11.0,3,650.0,31.291666666666668,23.791666666666668,65.54166666666667,11.125,0.0,1006.3758333333334,0.0
Stn. I (Central West Bay),July,2018,9.1,0.054,0.05,0.111,2.0,8.8,7.1,24672,11.0,2,647.8260869565217,26.869565217391305,26.347826086956523,92.73913043478261,15.652173913043478,2.4347826086956523,1006.7739130434783,0.0
Stn V (Northern West Bay),July,2018,8.7,0.001,0.1,0.173,4.0,6.6,19.3,2440,11.0,2,647.8260869565217,26.869565217391305,26.347826086956523,92.73913043478261,15.652173913043478,2.4347826086956523,1006.7739130434783,0.0
Stn XV (San Pedro),July,2018,8.8,0.001,0.161,0.149,2.0,8.1,5.5,14520,11.0,2,647.8260869565217,26.869565217391305,26.347826086956523,92.73913043478261,15.652173913043478,2.4347826086956523,1006.7739130434783,0.0
Stn.XVI (Sta Rosa),July,2018,8.5,0.004,0.1,0.129,2.0,8.1,20.4,57635,11.0,2,647.8260869565217,26.869565217391305,26.347826086956523,92.73913043478261,15.652173913043478,2.4347826086956523,1006.7739130434783,0.0
Stn. I (Central West Bay),August,2018,7.9,0.001,0.55,0.132,2.0,7.0,16.0,40838,17.0,2,669.925925925926,27.666666666666668,26.333333333333332,92.74074074074075,8.185185185185185,0.0,1003.6914814814816,0.0
Stn V (Northern West Bay),August,2018,8.7,0.008,0.05,0.1,4.0,10.5,18.8,4656,17.0,2,669.925925925926,27.666666666666668,26.333333333333332,92.74074074074075,8.185185185185185,0.0,1003.6914814814816,0.0
Stn XV (San Pedro),August,2018,8.9,0.008,0.05,0.12,3.0,8.2,10.2,52857,17.0,2,669.925925925926,27.666666666666668,26.333333333333332,92.74074074074075,8.185185185185185,0.0,1003.6914814814816,0.0
Stn.XVI (Sta Rosa),August,2018,8.6,0.008,0.05,0.109,2.0,8.2,8.4,38183,17.0,2,669.925925925926,27.666666666666668,26.333333333333332,92.74074074074075,8.185185185185185,0.0,1003.6914814814816,0.0
Stn. I (Central West Bay),September,2018,8.0,0.001,0.05,0.06,7.0,7.0,7.1,412059,13.0,2,632.44,27.48,26.72,95.88,7.8,0.0,1004.7752,0.0
Stn V (Northern West Bay),September,2018,8.6,0.001,0.073,0.178,3.0,8.6,21.5,30782,13.0,2,632.44,27.48,26.72,95.88,7.8,0.0,1004.7752,0.0
Stn XV (San Pedro),September,2018,9.0,0.001,0.05,0.144,3.0,8.0,167.0,51587,13.0,2,632.44,27.48,26.72,95.88,7.8,0.0,1004.7752,0.0
Stn.XV (Sta Rosa),September,2018,8.9,0.002,0.055,0.14,2.0,8.0,7.2,98309,13.0,2,632.44,27.48,26.72,95.88,7.8,0.0,1004.7752,0.0
Stn. I (Central West Bay),October,2018,8.7,0.06,0.06,0.107,2.0,7.1,4.5,17427,17.0,1,650.0,29.625,25.041666666666668,77.375,7.75,0.0,1008.3279166666667,0.0
Stn V (Northern West Bay),October,2018,8.7,0.032,0.05,0.107,2.0,8.4,29.1,22313,17.0,1,650.0,29.625,25.041666666666668,77.375,7.75,0.0,1008.3279166666667,0.0
Stn XV (San Pedro),October,2018,8.6,0.016,0.05,0.149,2.0,8.2,16.7,10378,17.0,1,650.0,29.625,25.041666666666668,77.375,7.75,0.0,1008.3279166666667,0.0
Stn.XVI (Sta Rosa),October,2018,8.7,0.021,0.06,0.144,2.0,8.6,4.1,11869,17.0,1,650.0,29.625,25.041666666666668,77.375,7.75,0.0,1008.3279166666667,0.0
Stn. I (Central West Bay),November,2018,8.4,0.033,0.05,0.1,4.0,6.9,4.5,3354,5.0,1,650.0,29.5,21.333333333333332,62.25,22.041666666666668,0.0,1009.2845833333334,0.0
Stn V (Northern West Bay),November,2018,8.7,0.021,0.06,0.1,3.0,6.8,24.7,61823,5.0,1,650.0,29.5,21.333333333333332,62.25,22.041666666666668,0.0,1009.2845833333334,0.0
Stn XV (San Pedro),November,2018,7.7,0.016,0.06,0.12,2.0,7.5,12.0,30012,5.0,1,650.0,29.5,21.333333333333332,62.25,22.041666666666668,0.0,1009.2845833333334,0.0
Stn.XVI (Sta Rosa),November,2018,8.5,0.021,0.06,0.125,2.0,8.7,6.2,27743,5.0,1,650.0,29.5,21.333333333333332,62.25,22.041666666666668,0.0,1009.2845833333334,0.0
Stn. I (Central West Bay),December,2018,8.6,0.03,0.05,0.096,2.0,8.1,4.4,58151,17.0,1,650.0,28.458333333333332,23.708333333333332,76.75,7.541666666666667,0.0,1010.2416666666668,0.0
Stn V (Northern West Bay),December,2018,8.6,0.015,0.05,0.091,2.0,8.7,20.1,20528,17.0,1,650.0,28.458333333333332,23.708333333333332,76.75,7.541666666666667,0.0,1010.2416666666668,0.0
Stn XV (San Pedro),December,2018,8.8,0.021,0.06,0.11,2.0,7.8,19.0,24624,17.0,1,650.0,28.458333333333332,23.708333333333332,76.75,7.541666666666667,0.0,1010.2416666666668,0.0
Stn.XVI (Sta Rosa),December,2018,8.8,0.021,0.06,0.076,2.0,8.4,7.9,73059,17.0,1,650.0,28.458333333333332,23.708333333333332,76.75,7.541666666666667,0.0,1010.2416666666668,0.0
Stn. I (Central West Bay),January,2019,8.3,0.04,0.1784,0.11,0.5,8.9,15.0,16674,5.0,1,650.0,26.958333333333332,20.125,66.75,12.291666666666666,0.0,1013.4870833333334,0.0
Stn V (Northern West Bay),January,2019,8.5,0.04,0.0824,0.09,1.0,9.0,29.0,8430,5.0,1,650.0,26.958333333333332,20.125,66.75,12.291666666666666,0.0,1013.4870833333334,0.0
Stn XV (San Pedro),January,2019,8.2,0.06,0.062,0.09,1.0,8.5,20.0,8590,5.0,1,650.0,26.958333333333332,20.125,66.75,12.291666666666666,0.0,1013.4870833333334,0.0
Stn.XVI (Sta Rosa),January,2019,7.8,0.05,0.14,0.15,0.5,7.6,14.0,8173,5.0,1,650.0,26.958333333333332,20.125,66.75,12.291666666666666,0.0,1013.4870833333334,0.0
Stn. I (Central West Bay),February,2019,8.8,0.02,0.05,0.07,3.0,8.0,6.0,29659,5.0,1,650.0,27.916666666666668,20.125,63.541666666666664,16.416666666666668,0.0,1016.2316666666667,0.0
Stn V (Northern West Bay),February,2019,8.0,0.38,0.32,0.12,2.0,6.6,21.0,14980,5.0,1,650.0,27.916666666666668,20.125,63.541666666666664,16.416666666666668,0.0,1016.2316666666667,0.0
Stn XV (San Pedro),February,2019,8.8,0.01,0.05,0.07,2.0,8.3,24.0,48197,5.0,1,650.0,27.916666666666668,20.125,63.541666666666664,16.416666666666668,0.0,1016.2316666666667,0.0
Stn.XVI (Sta Rosa),February,2019,9.0,0.01,0.05,0.04,2.0,8.3,14.0,26502,5.0,1,650.0,27.916666666666668,20.125,63.541666666666664,16.416666666666668,0.0,1016.2316666666667,0.0
Stn. I (Central West Bay),March,2019,8.2,0.38,0.05,0.08,1.0,6.9,6.0,1322,6.0,1,650.0,28.541666666666668,20.625,62.958333333333336,13.416666666666666,0.0,1010.1166666666668,0.0
Stn V (Northern West Bay),March,2019,8.1,0.14,0.05,0.11,2.0,7.3,39.0,1385,6.0,1,650.0,28.541666666666668,20.625,62.958333333333336,13.416666666666666,0.0,1010.1166666666668,0.0
Stn XV (San Pedro),March,2019,8.6,0.04,0.05,0.05,2.0,8.7,27.0,807,6.0,1,650.0,28.541666666666668,20.625,62.958333333333336,13.416666666666666,0.0,1010.1166666666668,0.0
Stn.XVI (Sta Rosa),March,2019,8.3,0.04,0.05,0.05,2.0,7.7,14.0,1573,6.0,1,650.0,28.541666666666668,20.625,62.958333333333336,13.416666666666666,0.0,1010.1166666666668,0.0
Stn. I (Central West Bay),April,2019,8.9,0.086,0.05,0.133,3.0,7.8,4.0,2458,6.0,1,650.0,29.041666666666668,21.625,64.83333333333333,17.791666666666668,0.0,1011.2416666666668,0.0
Stn V (Northern West Bay),April,2019,8.4,0.042,0.05,0.124,2.0,7.3,13.0,680,6.0,1,650.0,29.041666666666668,21.625,64.83333333333333,17.791666666666668,0.0,1011.2416666666668,0.0
Stn XV (San Pedro),April,2019,8.9,0.015,0.05,0.093,4.0,8.2,23.0,3103,6.0,1,650.0,29.041666666666668,21.625,64.83333333333333,17.791666666666668,0.0,1011.2416666666668,0.0
Stn.XVI (Sta Rosa),April,2019,8.5,0.012,0.05,0.067,3.0,7.6,4.0,3193,6.0,1,650.0,29.041666666666668,21.625,64.83333333333333,17.791666666666668,0.0,1011.2416666666668,0.0
Stn. I (Central West Bay),May,2019,9.0,0.207,0.05,0.134,9.0,10.1,9.0,94992,12.0,2,650.0,29.041666666666668,24.833333333333332,78.20833333333333,19.666666666666668,0.0,1006.0433333333334,0.0
Stn V (Northern West Bay),May,2019,8.7,0.655,0.205,0.288,4.0,8.8,25.0,6989,12.0,2,650.0,29.041666666666668,24.833333333333332,78.20833333333333,19.666666666666668,0.0,1006.0433333333334,0.0
Stn XV (San Pedro),May,2019,8.5,0.52,0.05,0.163,4.0,4.5,70.0,276,12.0,2,650.0,29.041666666666668,24.833333333333332,78.20833333333333,19.666666666666668,0.0,1006.0433333333334,0.0
Stn.XVI (Sta Rosa),May,2019,9.0,0.1,0.05,0.085,2.0,7.4,8.0,8306,12.0,2,650.0,29.041666666666668,24.833333333333332,78.20833333333333,19.666666666666668,0.0,1006.0433333333334,0.0
Stn. I (Central West Bay),June,2019,9.4,0.112,0.05,0.298,7.0,10.4,19.0,186554,6.0,1,650.0,30.625,23.166666666666668,61.125,11.375,0.0,1006.1683333333334,0.0
Stn V (Northern West Bay),June,2019,9.3,0.049,0.05,0.354,4.0,7.8,38.0,88910,6.0,1,650.0,30.625,23.166666666666668,61.125,11.375,0.0,1006.1683333333334,0.0
Stn XV (San Pedro),June,2019,9.4,0.03,0.05,0.189,5.0,11.3,75.0,68482,6.0,1,650.0,30.625,23.166666666666668,61.125,11.375,0.0,1006.1683333333334,0.0
Stn.XVI (Sta Rosa),June,2019,9.4,0.034,0.05,0.143,4.0,9.8,18.0,77115,6.0,1,650.0,30.625,23.166666666666668,61.125,11.375,0.0,1006.1683333333334,0.0
Stn. I (Central West Bay),July,2019,8.2,0.271,0.072,0.329,3.0,5.7,19.0,14010,10.0,5,632.4,27.96,24.28,81.32,8.68,0.0,1006.928,0.0
Stn V (Northern West Bay),July,2019,7.9,1.54,0.254,0.307,9.0,7.5,81.0,52097,10.0,5,632.4,27.96,24.28,81.32,8.68,0.0,1006.928,0.0
Stn XV (San Pedro),July,2019,8.6,0.057,0.033,0.15,3.0,7.3,90.0,4626,10.0,5,632.4,27.96,24.28,81.32,8.68,0.0,1006.928,0.0
Stn.XVI (Sta Rosa),July,2019,8.7,0.06,0.026,0.122,4.0,8.1,18.0,10875,10.0,5,632.4,27.96,24.28,81.32,8.68,0.0,1006.928,0.0
Stn. I (Central West Bay),August,2019,7.8,0.36,0.223,0.12,4.0,6.5,75.0,3991,11.0,5,659.074074074074,27.0,25.296296296296298,90.66666666666667,10.37037037037037,0.0,998.517037037037,0.0
Stn V (Northern West Bay),August,2019,8.3,0.065,0.05,0.158,3.0,7.1,149.0,3465,11.0,5,659.074074074074,27.0,25.296296296296298,90.66666666666667,10.37037037037037,0.0,998.517037037037,0.0
Stn XV (San Pedro),August,2019,8.4,0.062,0.05,0.188,3.0,6.6,81.0,14830,11.0,5,659.074074074074,27.0,25.296296296296298,90.66666666666667,10.37037037037037,0.0,998.517037037037,0.0
Stn.XVI (Sta Rosa),August,2019,8.5,0.053,0.05,0.214,6.0,7.1,24.0,6376,11.0,5,659.074074074074,27.0,25.296296296296298,90.66666666666667,10.37037037037037,0.0,998.517037037037,0.0
Stn. I (Central West Bay),September,2019,8.0,0.051,0.618,0.122,6.0,6.5,75.0,5447,12.0,2,630.2222222222222,26.444444444444443,23.85185185185185,86.03703703703704,13.592592592592593,4.518518518518518,1006.5422222222222,0.0
Stn V (Northern West Bay),September,2019,8.8,0.029,0.05,0.093,3.0,7.6,187.0,6833,12.0,2,630.2222222222222,26.444444444444443,23.85185185185185,86.03703703703704,13.592592592592593,4.518518518518518,1006.5422222222222,0.0
Stn XV (San Pedro),September,2019,8.4,0.04,0.05,0.087,3.0,6.5,62.0,1240,12.0,2,630.2222222222222,26.444444444444443,23.85185185185185,86.03703703703704,13.592592592592593,4.518518518518518,1006.5422222222222,0.0
Stn.XVI (Sta Rosa),September,2019,9.1,0.016,0.05,0.075,2.0,8.4,24.0,7898,12.0,2,630.2222222222222,26.444444444444443,23.85185185185185,86.03703703703704,13.592592592592593,4.518518518518518,1006.5422222222222,0.0
Stn. I (Central West Bay),October,2019,8.5,0.143,0.05,0.161,3.0,6.6,102.0,2298,5.0,1,628.64,30.12,22.24,63.64,9.16,3.12,1008.7220000000001,0.0
Stn V (Northern West Bay),October,2019,8.7,0.125,0.05,0.126,3.0,7.6,91.0,1876,5.0,1,628.64,30.12,22.24,63.64,9.16,3.12,1008.7220000000001,0.0
Stn XV (San Pedro),October,2019,8.5,0.087,0.05,0.091,2.0,6.7,62.0,243,5.0,1,628.64,30.12,22.24,63.64,9.16,3.12,1008.7220000000001,0.0
Stn.XVI (Sta Rosa),October,2019,8.6,0.005,0.05,0.082,2.0,7.7,33.0,4230,5.0,1,628.64,30.12,22.24,63.64,9.16,3.12,1008.7220000000001,0.0
Stn. I (Central West Bay),November,2019,8.5,0.18,0.05,0.091,3.0,7.1,32.0,8006,13.0,2,650.0,28.791666666666668,24.916666666666668,79.91666666666667,9.708333333333334,0.0,1006.4179166666668,0.0
Stn V (Northern West Bay),November,2019,9.5,0.111,0.05,0.102,7.0,12.8,30.0,12077,13.0,2,650.0,28.791666666666668,24.916666666666668,79.91666666666667,9.708333333333334,0.0,1006.4179166666668,0.0
Stn XV (San Pedro),November,2019,8.2,0.135,0.05,0.094,4.0,6.6,57.0,27593,13.0,2,650.0,28.791666666666668,24.916666666666668,79.91666666666667,9.708333333333334,0.0,1006.4179166666668,0.0
Stn.XVI (Sta Rosa),November,2019,9.2,0.014,0.05,0.069,6.0,10.0,25.0,23683,13.0,2,650.0,28.791666666666668,24.916666666666668,79.91666666666667,9.708333333333334,0.0,1006.4179166666668,0.0
Stn. I (Central West Bay),December,2019,7.8,0.012,0.185,0.059,3.0,6.9,58.0,1029,1.0,2,650.0,27.5,22.25,73.125,15.166666666666666,1.5416666666666667,1005.6262500000001,0.0
Stn V (Northern West Bay),December,2019,8.0,0.01,0.504,0.098,4.0,7.3,44.0,813,1.0,2,650.0,27.5,22.25,73.125,15.166666666666666,1.5416666666666667,1005.6262500000001,0.0
Stn XV (San Pedro),December,2019,9.0,0.032,0.17,0.069,2.0,6.9,120.0,2059,1.0,2,650.0,27.5,22.25,73.125,15.166666666666666,1.5416666666666667,1005.6262500000001,0.0
Stn.XVI (Sta Rosa),December,2019,7.8,0.021,0.178,0.085,3.0,7.2,41.0,2636,1.0,2,650.0,27.5,22.25,73.125,15.166666666666666,1.5416666666666667,1005.6262500000001,0.0
Stn. I (Central West Bay),January,2020,8.0,0.118,0.274,0.038,3.0,7.1,44.0,3263,6.0,1,668.2,27.52,21.68,70.68,8.84,0.0,1011.24,0.0
Stn V (Northern West Bay),January,2020,8.2,0.081,0.207,0.067,4.0,7.5,42.0,2982,6.0,1,668.2,27.52,21.68,70.68,8.84,0.0,1011.24,0.0
Stn XV (San Pedro),January,2020,8.1,0.043,0.385,0.069,3.0,7.9,100.0,36087,6.0,1,668.2,27.52,21.68,70.68,8.84,0.0,1011.24,0.0
Stn.XVI (Sta Rosa),January,2020,8.3,0.05,0.276,0.063,4.0,8.3,47.0,8247,6.0,1,668.2,27.52,21.68,70.68,8.84,0.0,1011.24,0.0
Stn. I (Central West Bay),February,2020,8.0,0.158,0.153,0.087,3.0,7.3,66.0,23554,5.0,2,628.9230769230769,24.884615384615383,18.23076923076923,66.76923076923077,10.807692307692308,0.0,1013.2688461538462,0.0
Stn V (Northern West Bay),February,2020,8.3,0.027,0.418,0.088,5.0,8.1,44.0,20037,5.0,2,628.9230769230769,24.884615384615383,18.23076923076923,66.76923076923077,10.807692307692308,0.0,1013.2688461538462,0.0
Stn XV (San Pedro),February,2020,8.2,0.028,0.05,0.075,3.0,7.6,52.0,28802,5.0,2,628.9230769230769,24.884615384615383,18.23076923076923,66.76923076923077,10.807692307692308,0.0,1013.2688461538462,0.0
Stn.XVI (Sta Rosa),February,2020,8.6,0.03,0.05,0.069,3.0,8.0,46.0,70352,5.0,2,628.9230769230769,24.884615384615383,18.23076923076923,66.76923076923077,10.807692307692308,0.0,1013.2688461538462,0.0
Stn. I (Central West Bay),March,2020,8.7,0.222,0.05,0.055,3.0,7.7,36.0,38280,6.0,1,650.0,27.791666666666668,20.125,63.75,14.666666666666666,3.5,1009.6574999999999,0.0
Stn V (Northern West Bay),March,2020,8.8,0.078,0.05,0.065,2.0,7.5,19.0,41580,6.0,1,650.0,27.791666666666668,20.125,63.75,14.666666666666666,3.5,1009.6574999999999,0.0
Stn XV (San Pedro),March,2020,8.8,0.04,0.05,0.046,3.0,8.2,25.0,30762,6.0,1,650.0,27.791666666666668,20.125,63.75,14.666666666666666,3.5,1009.6574999999999,0.0
Stn.XVI (Sta Rosa),March,2020,8.7,0.055,0.05,0.05,3.0,8.6,28.0,21436,6.0,1,650.0,27.791666666666668,20.125,63.75,14.666666666666666,3.5,1009.6574999999999,0.0
Stn. I (Central West Bay),September,2020,8.8,0.059,0.05,0.061,2.0,9.3,20.0,61989,6.0,1,650.0,30.458333333333332,24.458333333333332,71.08333333333333,7.208333333333333,0.0,1005.0450000000001,0.0
Stn V (Northern West Bay),September,2020,9.1,0.034,0.05,0.039,3.0,11.8,18.0,51418,6.0,1,650.0,30.458333333333332,24.458333333333332,71.08333333333333,7.208333333333333,0.0,1005.0450000000001,0.0
Stn XV (San Pedro),September,2020,8.2,0.005,0.05,0.043,3.0,8.3,130.0,13300,6.0,1,650.0,30.458333333333332,24.458333333333332,71.08333333333333,7.208333333333333,0.0,1005.0450000000001,0.0
Stn.XVI (Sta Rosa),September,2020,9.0,0.005,0.05,0.03,4.0,8.2,20.0,83982,6.0,1,650.0,30.458333333333332,24.458333333333332,71.08333333333333,7.208333333333333,0.0,1005.0450000000001,0.0
Stn. I (Central West Bay),October,2020,8.8,0.005,0.05,0.065,2.0,7.3,20.0,160241,9.0,2,650.0,28.0,24.166666666666668,80.125,11.375,0.0,1000.3495833333333,0.0
Stn V (Northern West Bay),October,2020,8.4,0.019,0.05,0.093,3.0,7.6,20.0,49684,9.0,2,650.0,28.0,24.166666666666668,80.125,11.375,0.0,1000.3495833333333,0.0
Stn XV (San Pedro),October,2020,8.7,0.027,0.05,0.041,3.0,7.2,20.0,46759,9.0,2,650.0,28.0,24.166666666666668,80.125,11.375,0.0,1000.3495833333333,0.0
Stn.XVI (Sta Rosa),October,2020,8.8,0.011,0.05,0.042,3.0,7.3,18.0,38080,9.0,2,650.0,28.0,24.166666666666668,80.125,11.375,0.0,1000.3495833333333,0.0
Stn. I (Central West Bay),November,2020,7.9,0.005,0.1468,0.029,2.8,6.8,81.0,30681,17.0,1,641.32,28.52,24.96,82.04,6.56,0.0,1006.9667999999999,0.0
Stn V (Northern West Bay),November,2020,8.4,0.005,0.1906,0.044,2.6,7.8,87.4,64938,17.0,1,641.32,28.52,24.96,82.04,6.56,0.0,1006.9667999999999,0.0
Stn XV (San Pedro),November,2020,8.0,0.016,0.229,0.054,3.2,6.4,87.6,23273,17.0,1,641.32,28.52,24.96,82.04,6.56,0.0,1006.9667999999999,0.0
Stn.XVI (Sta Rosa),November,2020,7.9,0.005,0.1468,0.047,2.8,7.2,81.0,15499,17.0,1,641.32,28.52,24.96,82.04,6.56,0.0,1006.9667999999999,0.0
Stn. I (Central West Bay),December,2020,8.0,0.005,0.2728,0.066,2.0,7.1,45.0,1419,2.0,2,650.0,26.916666666666668,19.333333333333332,59.833333333333336,15.25,0.0,1007.5420833333333,0.0
Stn V (Northern West Bay),December,2020,8.2,0.005,0.2912,0.077,1.0,7.7,219.0,3543,2.0,2,650.0,26.916666666666668,19.333333333333332,59.833333333333336,15.25,0.0,1007.5420833333333,0.0
Stn XV (San Pedro),December,2020,8.0,0.005,0.1296,0.048,2.0,8.9,126.0,24105,2.0,2,650.0,26.916666666666668,19.333333333333332,59.833333333333336,15.25,0.0,1007.5420833333333,0.0
Stn.XVI (Sta Rosa),December,2020,8.1,0.005,0.2398,0.081,2.0,7.3,208.0,1733,2.0,2,650.0,26.916666666666668,19.333333333333332,59.833333333333336,15.25,0.0,1007.5420833333333,0.0
Stn. I (Central West Bay),January,2021,8.3,0.034,0.167,0.078,2.0,7.8,30.0,6604,6.0,2,619.2307692307693,25.807692307692307,20.115384615384617,70.92307692307692,8.26923076923077,1.5,1009.0496153846154,0.0
Stn V (Northern West Bay),January,2021,8.1,0.028,0.6638,0.113,2.0,7.4,94.0,6755,6.0,2,619.2307692307693,25.807692307692307,20.115384615384617,70.92307692307692,8.26923076923077,1.5,1009.0496153846154,0.0
Stn XIII (Taytay),January,2021,7.9,0.028,0.263,0.107,2.0,6.8,462.0,3454,6.0,2,619.2307692307693,25.807692307692307,20.115384615384617,70.92307692307692,8.26923076923077,1.5,1009.0496153846154,0.0
Stn XV (San Pedro),January,2021,8.3,0.022,0.1786,0.47,3.0,7.9,64.0,5577,6.0,2,619.2307692307693,25.807692307692307,20.115384615384617,70.92307692307692,8.26923076923077,1.5,1009.0496153846154,0.0
Stn.XVI (Sta Rosa),January,2021,8.4,0.028,0.1042,0.043,3.0,7.9,36.0,5693,6.0,2,619.2307692307693,25.807692307692307,20.115384615384617,70.92307692307692,8.26923076923077,1.5,1009.0496153846154,0.0
Stn XIX (Muntinlupa),January,2021,8.3,0.022,0.2466,0.058,2.0,7.7,9200.0,6696,6.0,2,619.2307692307693,25.807692307692307,20.115384615384617,70.92307692307692,8.26923076923077,1.5,1009.0496153846154,0.0
Stn. I (Central West Bay),February,2021,8.1,0.079,0.028,0.06,2.0,8.3,26.0,28090,5.0,3,626.9230769230769,26.153846153846153,20.53846153846154,71.76923076923077,9.076923076923077,0.0,1010.4688461538461,0.0
Stn V (Northern West Bay),February,2021,7.7,0.034,0.3636,0.094,2.0,7.2,73.0,16678,5.0,3,626.9230769230769,26.153846153846153,20.53846153846154,71.76923076923077,9.076923076923077,0.0,1010.4688461538461,0.0
Stn XIII (Taytay),February,2021,7.8,0.033,1.3904,0.106,2.0,7.4,213.0,19813,5.0,3,626.9230769230769,26.153846153846153,20.53846153846154,71.76923076923077,9.076923076923077,0.0,1010.4688461538461,0.0
Stn XV (San Pedro),February,2021,8.2,0.03,0.3648,0.054,2.0,8.5,44.0,28244,5.0,3,626.9230769230769,26.153846153846153,20.53846153846154,71.76923076923077,9.076923076923077,0.0,1010.4688461538461,0.0
Stn.XVI (Sta Rosa),February,2021,8.4,0.03,0.4242,0.055,2.0,8.1,39.0,6893,5.0,3,626.9230769230769,26.153846153846153,20.53846153846154,71.76923076923077,9.076923076923077,0.0,1010.4688461538461,0.0
Stn XIX (Muntinlupa),February,2021,7.7,0.036,0.257,0.025,2.0,7.8,1094.0,16704,5.0,3,626.9230769230769,26.153846153846153,20.53846153846154,71.76923076923077,9.076923076923077,0.0,1010.4688461538461,0.0
Stn. I (Central West Bay),March,2021,8.7,0.059,0.167,0.051,2.0,8.4,30.0,96652,6.0,1,634.6153846153846,29.115384615384617,23.307692307692307,71.46153846153847,11.5,0.0,1009.3503846153847,0.0
Stn V (Northern West Bay),March,2021,8.7,0.005,0.027,0.077,3.0,7.9,33.0,75117,6.0,1,634.6153846153846,29.115384615384617,23.307692307692307,71.46153846153847,11.5,0.0,1009.3503846153847,0.0
Stn XIII (Taytay),March,2021,7.3,0.005,0.2854,0.096,3.0,7.6,111.0,93445,6.0,1,634.6153846153846,29.115384615384617,23.307692307692307,71.46153846153847,11.5,0.0,1009.3503846153847,0.0
Stn XV (San Pedro),March,2021,8.1,0.005,0.028,0.066,2.0,8.2,26.0,123426,6.0,1,634.6153846153846,29.115384615384617,23.307692307692307,71.46153846153847,11.5,0.0,1009.3503846153847,0.0
Stn.XVI (Sta Rosa),March,2021,8.5,0.014,0.033,0.055,5.0,9.6,34.0,193389,6.0,1,634.6153846153846,29.115384615384617,23.307692307692307,71.46153846153847,11.5,0.0,1009.3503846153847,0.0
Stn XIX (Muntinlupa),March,2021,8.7,0.044,0.1612,0.061,4.0,8.3,288.0,104275,6.0,1,634.6153846153846,29.115384615384617,23.307692307692307,71.46153846153847,11.5,0.0,1009.3503846153847,0.0
Stn. I (Central West Bay),May,2021,8.4,0.0226,0.05,0.074,3.0,7.1,35.0,19910,5.0,1,647.3846153846154,30.884615384615383,23.615384615384617,66.11538461538461,12.846153846153847,3.1538461538461537,1007.2784615384616,0.0
Stn V (Northern West Bay),May,2021,8.4,0.1682,0.05,0.081,1.0,7.2,19.0,60833,5.0,1,647.3846153846154,30.884615384615383,23.615384615384617,66.11538461538461,12.846153846153847,3.1538461538461537,1007.2784615384616,0.0
Stn XIII (Taytay),May,2021,8.4,0.15,0.05,0.078,2.0,7.6,19.0,81979,5.0,1,647.3846153846154,30.884615384615383,23.615384615384617,66.11538461538461,12.846153846153847,3.1538461538461537,1007.2784615384616,0.0
Stn XV (San Pedro),May,2021,8.5,0.0132,0.05,0.058,2.0,7.0,28.0,98412,5.0,1,647.3846153846154,30.884615384615383,23.615384615384617,66.11538461538461,12.846153846153847,3.1538461538461537,1007.2784615384616,0.0
Stn.XVI (Sta Rosa),May,2021,8.2,0.0126,0.05,0.078,2.0,7.1,118.0,129804,5.0,1,647.3846153846154,30.884615384615383,23.615384615384617,66.11538461538461,12.846153846153847,3.1538461538461537,1007.2784615384616,0.0
Stn XIX (Muntinlupa),May,2021,8.5,0.0284,0.05,0.119,2.0,7.3,30.0,98592,5.0,1,647.3846153846154,30.884615384615383,23.615384615384617,66.11538461538461,12.846153846153847,3.1538461538461537,1007.2784615384616,0.0
Stn. I (Central West Bay),June,2021,8.7,0.0092,0.05,0.052,3.0,7.7,106.0,20125,17.0,2,670.7407407407408,28.185185185185187,24.85185185185185,82.44444444444444,6.074074074074074,0.0,1006.4722222222222,0.0
Stn V (Northern West Bay),June,2021,9.7,0.0556,0.05,0.1,5.0,11.9,18.0,492902,17.0,2,670.7407407407408,28.185185185185187,24.85185185185185,82.44444444444444,6.074074074074074,0.0,1006.4722222222222,0.0
Stn XIII (Taytay),June,2021,9.2,0.0576,0.204,0.245,5.0,14.4,30.0,1001796,17.0,2,670.7407407407408,28.185185185185187,24.85185185185185,82.44444444444444,6.074074074074074,0.0,1006.4722222222222,0.0
Stn XV (San Pedro),June,2021,9.1,0.0254,0.114,0.073,5.0,10.3,28.0,601902,17.0,2,670.7407407407408,28.185185185185187,24.85185185185185,82.44444444444444,6.074074074074074,0.0,1006.4722222222222,0.0
Stn.XVI (Sta Rosa),June,2021,8.9,0.0064,0.05,0.095,5.0,9.6,744.0,164530,17.0,2,670.7407407407408,28.185185185185187,24.85185185185185,82.44444444444444,6.074074074074074,0.0,1006.4722222222222,0.0
Stn XIX (Muntinlupa),June,2021,8.1,0.0082,0.131,0.105,1.0,7.5,28.0,403552,17.0,2,670.7407407407408,28.185185185185187,24.85185185185185,82.44444444444444,6.074074074074074,0.0,1006.4722222222222,0.0
Stn. I (Central West Bay),July,2021,8.9,0.11,0.05,0.11,3.0,8.1,59.0,26788,17.0,2,633.4285714285714,28.178571428571427,25.178571428571427,84.17857142857143,7.928571428571429,0.0,1003.3060714285714,0.0
Stn V (Northern West Bay),July,2021,9.1,0.064,0.05,0.137,4.0,8.1,19.0,125205,17.0,2,633.4285714285714,28.178571428571427,25.178571428571427,84.17857142857143,7.928571428571429,0.0,1003.3060714285714,0.0
Stn XIII (Taytay),July,2021,8.8,0.065,0.05,0.189,3.0,6.8,39.0,199310,17.0,2,633.4285714285714,28.178571428571427,25.178571428571427,84.17857142857143,7.928571428571429,0.0,1003.3060714285714,0.0
Stn XV (San Pedro),July,2021,9.1,0.05,0.05,0.137,3.0,7.8,47.0,141935,17.0,2,633.4285714285714,28.178571428571427,25.178571428571427,84.17857142857143,7.928571428571429,0.0,1003.3060714285714,0.0
Stn.XVI (Sta Rosa),July,2021,8.8,0.05,0.05,0.114,2.0,7.1,634.0,22696,17.0,2,633.4285714285714,28.178571428571427,25.178571428571427,84.17857142857143,7.928571428571429,0.0,1003.3060714285714,0.0
Stn XIX (Muntinlupa),July,2021,9.2,0.047,0.05,0.111,4.0,9.6,25.0,63761,17.0,2,633.4285714285714,28.178571428571427,25.178571428571427,84.17857142857143,7.928571428571429,0.0,1003.3060714285714,0.0
Stn. I (Central West Bay),August,2021,8.2,0.03,1.13,0.12,3.0,7.0,268.0,7795,12.0,2,660.8148148148148,29.296296296296298,25.14814814814815,78.70370370370371,20.59259259259259,10.555555555555555,1002.5959259259259,0.0
Stn V (Northern West Bay),August,2021,8.4,0.03,0.29,0.12,1.0,7.8,125.0,10056,12.0,2,660.8148148148148,29.296296296296298,25.14814814814815,78.70370370370371,20.59259259259259,10.555555555555555,1002.5959259259259,0.0
Stn XIII (Taytay),August,2021,8.7,0.02,0.29,0.11,1.0,7.8,194.0,14158,12.0,2,660.8148148148148,29.296296296296298,25.14814814814815,78.70370370370371,20.59259259259259,10.555555555555555,1002.5959259259259,0.0
Stn XV (San Pedro),August,2021,8.7,0.03,0.17,0.09,1.0,7.9,167.0,15550,12.0,2,660.8148148148148,29.296296296296298,25.14814814814815,78.70370370370371,20.59259259259259,10.555555555555555,1002.5959259259259,0.0
Stn.XVI (Sta Rosa),August,2021,8.3,0.12,0.32,0.15,3.0,7.2,1006.0,17845,12.0,2,660.8148148148148,29.296296296296298,25.14814814814815,78.70370370370371,20.59259259259259,10.555555555555555,1002.5959259259259,0.0
Stn XIX (Muntinlupa),August,2021,8.7,0.02,0.16,0.09,1.0,8.0,108.0,11852,12.0,2,660.8148148148148,29.296296296296298,25.14814814814815,78.70370370370371,20.59259259259259,10.555555555555555,1002.5959259259259,0.0
Stn. I (Central West Bay),September,2021,9.2,0.07,0.3,0.03,4.2,6.8,85.0,27896,17.0,2,676.9230769230769,27.76923076923077,25.076923076923077,85.76923076923077,7.538461538461538,0.0,1006.213076923077,0.0
Stn V (Northern West Bay),September,2021,9.0,0.02,0.21,0.12,2.2,9.3,287.0,952237,17.0,2,676.9230769230769,27.76923076923077,25.076923076923077,85.76923076923077,7.538461538461538,0.0,1006.213076923077,0.0
Stn XIII (Taytay),September,2021,9.4,0.03,0.17,0.18,2.0,6.9,194.0,126893,17.0,2,676.9230769230769,27.76923076923077,25.076923076923077,85.76923076923077,7.538461538461538,0.0,1006.213076923077,0.0
Stn XV (San Pedro),September,2021,8.3,0.11,0.31,0.15,2.6,5.4,123.0,390309,17.0,2,676.9230769230769,27.76923076923077,25.076923076923077,85.76923076923077,7.538461538461538,0.0,1006.213076923077,0.0
Stn.XVI (Sta Rosa),September,2021,9.0,0.04,0.24,0.1,1.2,6.9,1217.0,418899,17.0,2,676.9230769230769,27.76923076923077,25.076923076923077,85.76923076923077,7.538461538461538,0.0,1006.213076923077,0.0
Stn XIX (Muntinlupa),September,2021,9.1,0.04,0.05,0.16,2.6,6.0,108.0,127031,17.0,2,676.9230769230769,27.76923076923077,25.076923076923077,85.76923076923077,7.538461538461538,0.0,1006.213076923077,0.0
Stn. I (Central West Bay),October,2021,8.1,0.35,0.05,0.17,3.0,7.4,85.0,28648,2.0,3,1133.3333333333333,28.666666666666668,24.0,76.33333333333333,5.333333333333333,0.0,1004.9200000000001,0.0
Stn V (Northern West Bay),October,2021,8.3,0.02,0.05,0.17,2.0,7.6,432.0,11733,2.0,3,1133.3333333333333,28.666666666666668,24.0,76.33333333333333,5.333333333333333,0.0,1004.9200000000001,0.0
Stn XIII (Taytay),October,2021,8.3,0.01,0.14,0.2,4.0,7.4,241.0,42371,2.0,3,1133.3333333333333,28.666666666666668,24.0,76.33333333333333,5.333333333333333,0.0,1004.9200000000001,0.0
Stn XV (San Pedro),October,2021,7.6,0.02,0.14,0.14,4.0,6.4,123.0,25103,2.0,3,1133.3333333333333,28.666666666666668,24.0,76.33333333333333,5.333333333333333,0.0,1004.9200000000001,0.0
Stn.XVI (Sta Rosa),October,2021,7.6,0.05,0.05,0.13,2.0,6.9,1458.0,8624,2.0,3,1133.3333333333333,28.666666666666668,24.0,76.33333333333333,5.333333333333333,0.0,1004.9200000000001,0.0
Stn XIX (Muntinlupa),October,2021,8.2,0.04,0.05,0.17,3.0,6.5,307.0,29496,2.0,3,1133.3333333333333,28.666666666666668,24.0,76.33333333333333,5.333333333333333,0.0,1004.9200000000001,0.0
Stn. I (Central West Bay),November,2021,8.1,0.07,0.05,0.18,1.0,6.8,46.0,14504,5.0,1,650.0,28.26923076923077,21.346153846153847,63.53846153846154,9.307692307692308,0.0,1008.1992307692308,0.0
Stn V (Northern West Bay),November,2021,8.2,0.005,0.05,0.16,3.0,6.9,67.0,112052,5.0,1,650.0,28.26923076923077,21.346153846153847,63.53846153846154,9.307692307692308,0.0,1008.1992307692308,0.0
Stn XIII (Taytay),November,2021,8.5,0.005,0.05,0.18,5.0,7.2,47.0,145074,5.0,1,650.0,28.26923076923077,21.346153846153847,63.53846153846154,9.307692307692308,0.0,1008.1992307692308,0.0
Stn XV (San Pedro),November,2021,8.3,0.005,0.05,0.16,4.0,7.3,36.0,93278,5.0,1,650.0,28.26923076923077,21.346153846153847,63.53846153846154,9.307692307692308,0.0,1008.1992307692308,0.0
Stn.XVI (Sta Rosa),November,2021,8.2,0.005,0.18,0.17,3.0,7.3,442.0,41040,5.0,1,650.0,28.26923076923077,21.346153846153847,63.53846153846154,9.307692307692308,0.0,1008.1992307692308,0.0
Stn XIX (Muntinlupa),November,2021,8.3,0.005,0.05,0.2,5.0,7.2,55.0,421301,5.0,1,650.0,28.26923076923077,21.346153846153847,63.53846153846154,9.307692307692308,0.0,1008.1992307692308,0.0
Stn. I (Central West Bay),December,2021,8.3,0.209,0.38,0.22,3.0,7.4,46.0,9471,5.0,3,628.0,27.72,20.48,65.08,9.6,0.0,1007.452,0.0
Stn V (Northern West Bay),December,2021,8.1,0.039,0.66,0.24,2.0,7.0,30.0,3863,5.0,3,628.0,27.72,20.48,65.08,9.6,0.0,1007.452,0.0
Stn XIII (Taytay),December,2021,8.1,0.005,0.62,0.25,2.0,7.2,54.0,5830,5.0,3,628.0,27.72,20.48,65.08,9.6,0.0,1007.452,0.0
Stn XV (San Pedro),December,2021,8.2,0.005,0.21,0.18,1.0,7.5,36.0,3475,5.0,3,628.0,27.72,20.48,65.08,9.6,0.0,1007.452,0.0
Stn.XVI (Sta Rosa),December,2021,8.2,0.015,0.29,0.22,4.0,7.6,107.0,2896,5.0,3,628.0,27.72,20.48,65.08,9.6,0.0,1007.452,0.0
Stn XIX (Muntinlupa),December,2021,8.1,0.005,0.24,0.19,2.0,7.2,55.0,5932,5.0,3,628.0,27.72,20.48,65.08,9.6,0.0,1007.452,0.0
Stn. I (Central West Bay),February,2022,8.3,0.546,0.631,0.209,1.0,7.5,19.0,472033,6.0,2,650.0,27.541666666666668,22.541666666666668,74.33333333333333,10.458333333333334,0.0,1010.2391666666667,0.0
Stn V (Northern West Bay),February,2022,8.5,0.289,0.351,0.173,2.0,8.0,19.0,446145,6.0,2,650.0,27.541666666666668,22.541666666666668,74.33333333333333,10.458333333333334,0.0,1010.2391666666667,0.0
Stn XIII (Taytay),February,2022,8.6,0.225,0.351,0.14,3.0,7.4,37.0,845748,6.0,2,650.0,27.541666666666668,22.541666666666668,74.33333333333333,10.458333333333334,0.0,1010.2391666666667,0.0
Stn XV (San Pedro),February,2022,8.3,0.207,0.44,0.1,2.0,7.6,19.0,422556,6.0,2,650.0,27.541666666666668,22.541666666666668,74.33333333333333,10.458333333333334,0.0,1010.2391666666667,0.0
Stn.XVI (Sta Rosa),February,2022,8.3,0.199,0.636,0.14,3.0,7.8,19.0,589913,6.0,2,650.0,27.541666666666668,22.541666666666668,74.33333333333333,10.458333333333334,0.0,1010.2391666666667,0.0
Stn XIX (Muntinlupa),February,2022,8.1,0.171,0.512,0.16,2.0,7.5,19.0,582482,6.0,2,650.0,27.541666666666668,22.541666666666668,74.33333333333333,10.458333333333334,0.0,1010.2391666666667,0.0
Stn. I (Central West Bay),March,2022,7.9,0.07,0.02,0.14,3.0,6.8,35.0,6304,6.0,1,650.0,28.666666666666668,20.333333333333332,61.375,11.541666666666666,3.25,1010.1979166666666,0.0
Stn V (Northern West Bay),March,2022,8.3,0.02,0.005,0.17,3.0,7.6,18.0,32976,6.0,1,650.0,28.666666666666668,20.333333333333332,61.375,11.541666666666666,3.25,1010.1979166666666,0.0
Stn XIII (Taytay),March,2022,8.2,0.02,0.02,0.16,4.0,8.9,43.0,202722,6.0,1,650.0,28.666666666666668,20.333333333333332,61.375,11.541666666666666,3.25,1010.1979166666666,0.0
Stn XV (San Pedro),March,2022,8.0,0.005,0.005,0.16,3.0,7.2,30.0,27939,6.0,1,650.0,28.666666666666668,20.333333333333332,61.375,11.541666666666666,3.25,1010.1979166666666,0.0
Stn.XVI (Sta Rosa),March,2022,8.1,0.01,0.005,0.13,3.0,7.3,18.0,55260,6.0,1,650.0,28.666666666666668,20.333333333333332,61.375,11.541666666666666,3.25,1010.1979166666666,0.0
Stn XIX (Muntinlupa),March,2022,8.1,0.01,0.12,0.2,3.0,7.5,20.0,35462,6.0,1,650.0,28.666666666666668,20.333333333333332,61.375,11.541666666666666,3.25,1010.1979166666666,0.0
Stn. I (Central West Bay),April,2022,8.2,0.03,0.02,0.18,3.0,7.3,28.0,12276,4.0,1,650.0,29.083333333333332,21.0,62.5,10.416666666666666,0.0,1009.44875,0.0
Stn V (Northern West Bay),April,2022,8.7,0.01,0.04,0.21,5.0,8.1,24.0,58276,4.0,1,650.0,29.083333333333332,21.0,62.5,10.416666666666666,0.0,1009.44875,0.0
Stn XIII (Taytay),April,2022,8.7,0.01,0.05,0.22,4.0,8.1,33.0,81454,4.0,1,650.0,29.083333333333332,21.0,62.5,10.416666666666666,0.0,1009.44875,0.0
Stn XV (San Pedro),April,2022,8.3,0.01,0.02,0.14,2.0,7.4,26.0,7841,4.0,1,650.0,29.083333333333332,21.0,62.5,10.416666666666666,0.0,1009.44875,0.0
Stn.XVI (Sta Rosa),April,2022,8.3,0.01,0.01,0.12,2.0,7.6,18.0,16325,4.0,1,650.0,29.083333333333332,21.0,62.5,10.416666666666666,0.0,1009.44875,0.0
Stn XIX (Muntinlupa),April,2022,8.4,0.01,0.01,0.2,3.0,7.0,25.0,147757,4.0,1,650.0,29.083333333333332,21.0,62.5,10.416666666666666,0.0,1009.44875,0.0
Stn. I (Central West Bay),May,2022,8.2,0.01,0.03,0.14,2.0,6.8,28.0,15618,6.0,1,650.0,30.875,22.375,61.333333333333336,10.791666666666666,0.0,1006.3320833333333,0.0
Stn V (Northern West Bay),May,2022,8.3,0.01,0.01,0.16,2.0,7.2,24.0,14385,6.0,1,650.0,30.875,22.375,61.333333333333336,10.791666666666666,0.0,1006.3320833333333,0.0
Stn XIII (Taytay),May,2022,8.4,0.01,0.02,0.18,3.0,7.4,32.0,19546,6.0,1,650.0,30.875,22.375,61.333333333333336,10.791666666666666,0.0,1006.3320833333333,0.0
Stn XV (San Pedro),May,2022,8.1,0.01,0.01,0.13,4.0,6.8,34.0,18430,6.0,1,650.0,30.875,22.375,61.333333333333336,10.791666666666666,0.0,1006.3320833333333,0.0
Stn.XVI (Sta Rosa),May,2022,8.1,0.01,0.07,0.13,3.0,6.6,29.0,3958,6.0,1,650.0,30.875,22.375,61.333333333333336,10.791666666666666,0.0,1006.3320833333333,0.0
Stn XIX (Muntinlupa),May,2022,8.4,0.01,0.07,0.21,4.0,7.4,24.0,15264,6.0,1,650.0,30.875,22.375,61.333333333333336,10.791666666666666,0.0,1006.3320833333333,0.0
Stn. I (Central West Bay),June,2022,9.0,0.02,0.01,0.3,4.0,7.0,18.0,127298,17.0,1,650.0,28.666666666666668,23.958333333333332,72.04166666666667,10.0,0.0,1004.5054166666667,0.0
Stn V (Northern West Bay),June,2022,9.0,0.03,0.01,0.4,5.0,9.0,24.0,103372,17.0,1,650.0,28.666666666666668,23.958333333333332,72.04166666666667,10.0,0.0,1004.5054166666667,0.0
Stn XIII (Taytay),June,2022,9.0,0.02,0.01,0.44,5.0,8.5,19.0,234565,17.0,1,650.0,28.666666666666668,23.958333333333332,72.04166666666667,10.0,0.0,1004.5054166666667,0.0
Stn XV (San Pedro),June,2022,8.9,0.01,0.01,0.17,4.0,7.8,26.0,50241,17.0,1,650.0,28.666666666666668,23.958333333333332,72.04166666666667,10.0,0.0,1004.5054166666667,0.0
Stn.XVI (Sta Rosa),June,2022,8.9,0.01,0.01,0.2,4.0,7.2,29.0,19487,17.0,1,650.0,28.666666666666668,23.958333333333332,72.04166666666667,10.0,0.0,1004.5054166666667,0.0
Stn XIX (Muntinlupa),June,2022,9.0,0.01,0.01,0.22,3.0,7.9,23.0,172075,17.0,1,650.0,28.666666666666668,23.958333333333332,72.04166666666667,10.0,0.0,1004.5054166666667,0.0
Stn. I (Central West Bay),July,2022,9.4,0.09,0.005,0.28,5.0,8.8,19.0,122370,11.0,2,650.0,28.541666666666668,24.458333333333332,79.25,12.333333333333334,0.0,1004.3825,0.0
Stn V (Northern West Bay),July,2022,9.3,0.08,0.005,0.42,5.0,8.0,24.0,94197,11.0,2,650.0,28.541666666666668,24.458333333333332,79.25,12.333333333333334,0.0,1004.3825,0.0
Stn XIII (Taytay),July,2022,9.2,0.03,0.005,0.46,8.0,7.1,24.0,70131,11.0,2,650.0,28.541666666666668,24.458333333333332,79.25,12.333333333333334,0.0,1004.3825,0.0
Stn XV (San Pedro),July,2022,8.9,0.08,0.005,0.2,4.0,9.0,34.0,43336,11.0,2,650.0,28.541666666666668,24.458333333333332,79.25,12.333333333333334,0.0,1004.3825,0.0
Stn.XVI (Sta Rosa),July,2022,8.3,0.11,0.005,0.21,4.0,7.6,88.0,30196,11.0,2,650.0,28.541666666666668,24.458333333333332,79.25,12.333333333333334,0.0,1004.3825,0.0
Stn XIX (Muntinlupa),July,2022,8.8,0.02,0.005,0.29,4.0,8.5,18.0,103358,11.0,2,650.0,28.541666666666668,24.458333333333332,79.25,12.333333333333334,0.0,1004.3825,0.0
Stn. I (Central West Bay),August,2022,7.9,0.16,0.05,0.73,4.0,5.6,44.0,119172,13.0,2,645.24,27.88,25.32,86.32,8.96,0.0,1005.6511999999999,0.0
Stn V (Northern West Bay),August,2022,8.5,0.23,0.05,0.26,4.0,8.3,102.0,136895,13.0,2,645.24,27.88,25.32,86.32,8.96,0.0,1005.6511999999999,0.0
Stn XIII (Taytay),August,2022,8.6,0.27,0.1,0.24,5.0,9.1,64.0,140191,13.0,2,645.24,27.88,25.32,86.32,8.96,0.0,1005.6511999999999,0.0
Stn XV (San Pedro),August,2022,8.2,0.38,0.1,0.28,3.0,5.4,147.0,10153,13.0,2,645.24,27.88,25.32,86.32,8.96,0.0,1005.6511999999999,0.0
Stn.XVI (Sta Rosa),August,2022,8.5,0.02,0.05,0.22,3.0,7.8,143.0,41201,13.0,2,645.24,27.88,25.32,86.32,8.96,0.0,1005.6511999999999,0.0
Stn XIX (Muntinlupa),August,2022,8.2,0.11,0.12,0.22,3.0,6.2,18.0,14725,13.0,2,645.24,27.88,25.32,86.32,8.96,0.0,1005.6511999999999,0.0
Stn. I (Central West Bay),September,2022,7.9,0.07,0.61,0.14,3.0,7.1,44.0,8613,13.0,2,650.0,28.583333333333332,25.375,83.08333333333333,11.083333333333334,0.0,1005.46125,0.0
Stn V (Northern West Bay),September,2022,8.6,0.03,0.12,0.18,2.0,10.1,166.0,11051,13.0,2,650.0,28.583333333333332,25.375,83.08333333333333,11.083333333333334,0.0,1005.46125,0.0
Stn XIII (Taytay),September,2022,8.1,0.29,0.05,0.2,4.0,6.9,125.0,7529,13.0,2,650.0,28.583333333333332,25.375,83.08333333333333,11.083333333333334,0.0,1005.46125,0.0
Stn XV (San Pedro),September,2022,7.9,0.1,0.12,0.23,3.0,7.6,947.0,6804,13.0,2,650.0,28.583333333333332,25.375,83.08333333333333,11.083333333333334,0.0,1005.46125,0.0
Stn.XVI (Sta Rosa),September,2022,8.0,0.03,0.05,0.15,3.0,7.7,595.0,5073,13.0,2,650.0,28.583333333333332,25.375,83.08333333333333,11.083333333333334,0.0,1005.46125,0.0
Stn XIX (Muntinlupa),September,2022,8.5,0.07,0.05,0.18,3.0,7.8,18.0,19010,13.0,2,650.0,28.583333333333332,25.375,83.08333333333333,11.083333333333334,0.0,1005.46125,0.0
Stn. I (Central West Bay),October,2022,7.5,0.03,1.0,0.13,2.0,5.8,282.0,535,13.0,1,650.0,29.583333333333332,22.75,67.125,11.208333333333334,0.0,1005.96,0.0
Stn V (Northern West Bay),October,2022,7.7,0.005,0.47,0.15,2.0,6.4,236.0,15210,13.0,1,650.0,29.583333333333332,22.75,67.125,11.208333333333334,0.0,1005.96,0.0
Stn XIII (Taytay),October,2022,7.8,0.005,0.53,0.15,2.0,6.4,95.0,14392,13.0,1,650.0,29.583333333333332,22.75,67.125,11.208333333333334,0.0,1005.96,0.0
Stn XV (San Pedro),October,2022,7.9,0.07,0.21,0.14,2.0,6.2,1138.0,34242,13.0,1,650.0,29.583333333333332,22.75,67.125,11.208333333333334,0.0,1005.96,0.0
Stn.XVI (Sta Rosa),October,2022,7.7,0.005,0.05,0.1,3.0,6.8,322.0,25317,13.0,1,650.0,29.583333333333332,22.75,67.125,11.208333333333334,0.0,1005.96,0.0
Stn XIX (Muntinlupa),October,2022,7.8,0.02,0.05,0.11,3.0,6.4,24.0,31010,13.0,1,650.0,29.583333333333332,22.75,67.125,11.208333333333334,0.0,1005.96,0.0
Stn. I (Central West Bay),November,2022,7.5,0.04,0.48,0.08,3.0,6.5,220.0,1931,17.0,3,650.0,28.208333333333332,24.25,80.0,5.708333333333333,0.0,1007.70375,0.0
Stn V (Northern West Bay),November,2022,8.0,0.01,0.39,0.1,2.0,8.1,150.0,5107,17.0,3,650.0,28.208333333333332,24.25,80.0,5.708333333333333,0.0,1007.70375,0.0
Stn XIII (Taytay),November,2022,8.0,0.005,0.67,0.08,2.0,7.3,84.0,11523,17.0,3,650.0,28.208333333333332,24.25,80.0,5.708333333333333,0.0,1007.70375,0.0
Stn XV (San Pedro),November,2022,7.4,0.005,0.76,0.02,3.0,5.7,1138.0,3253,17.0,3,650.0,28.208333333333332,24.25,80.0,5.708333333333333,0.0,1007.70375,0.0
Stn.XVI (Sta Rosa),November,2022,7.6,0.02,0.64,0.13,2.0,7.2,258.0,2699,17.0,3,650.0,28.208333333333332,24.25,80.0,5.708333333333333,0.0,1007.70375,0.0
Stn XIX (Muntinlupa),November,2022,7.5,0.01,1.08,0.15,3.0,6.4,40.0,2888,17.0,3,650.0,28.208333333333332,24.25,80.0,5.708333333333333,0.0,1007.70375,0.0
Stn. I (Central West Bay),December,2022,7.1,0.005,0.76,0.15,2.0,6.9,220.0,576,17.0,5,650.0,28.125,23.5,77.08333333333333,8.541666666666666,0.0,1006.9208333333332,0.0
Stn V (Northern West Bay),December,2022,7.3,0.05,0.57,0.16,1.0,7.2,95.0,1271,17.0,5,650.0,28.125,23.5,77.08333333333333,8.541666666666666,0.0,1006.9208333333332,0.0
Stn XIII (Taytay),December,2022,8.0,0.005,0.54,0.14,3.0,7.8,44.0,2199,17.0,5,650.0,28.125,23.5,77.08333333333333,8.541666666666666,0.0,1006.9208333333332,0.0
Stn XV (San Pedro),December,2022,7.8,0.005,0.58,0.15,1.0,7.1,170.0,3646,17.0,5,650.0,28.125,23.5,77.08333333333333,8.541666666666666,0.0,1006.9208333333332,0.0
Stn.XVI (Sta Rosa),December,2022,7.6,0.02,0.54,0.14,2.0,6.6,62.0,2933,17.0,5,650.0,28.125,23.5,77.08333333333333,8.541666666666666,0.0,1006.9208333333332,0.0
Stn XIX (Muntinlupa),December,2022,7.7,0.02,0.59,0.14,1.0,6.7,40.0,2823,17.0,5,650.0,28.125,23.5,77.08333333333333,8.541666666666666,0.0,1006.9208333333332,0.0
